network,group,members,size,degree
toy_0,0,0;1,2,3
toy_0,1,0;2,2,3
toy_0,2,1;2,2,3
toy_0,3,0;1;2,3,3
toy_1,0,0;1,2,5
toy_1,1,0;2,2,5
toy_1,2,0;3,2,4
toy_1,3,0;4,2,4
toy_1,4,1;2,2,3
toy_1,5,0;1;2,3,5
toy_2,0,0;1,2,5
toy_2,1,0;2,2,5
toy_2,2,1;2,2,6
toy_2,3,1;3,2,5
toy_2,4,2;3,2,5
toy_2,5,0;1;2,3,6
toy_2,6,1;2;3,3,6
network_001,0,0;1,2,8
network_001,1,0;11,2,3
network_001,2,1;2,2,10
network_001,3,1;3,2,11
network_001,4,1;7,2,13
network_001,5,1;9,2,14
network_001,6,2;3,2,9
network_001,7,2;7,2,12
network_001,8,2;10,2,9
network_001,9,3;4,2,7
network_001,10,3;5,2,7
network_001,11,4;5,2,5
network_001,12,4;11,2,5
network_001,13,5;6,2,6
network_001,14,6;7,2,10
network_001,15,6;9,2,10
network_001,16,7;8,2,11
network_001,17,7;9,2,13
network_001,18,8;9,2,10
network_001,19,8;10,2,7
network_001,20,9;10,2,11
network_001,21,10;11,2,6
network_001,22,1;2;3,3,13
network_001,23,1;2;7,3,15
network_001,24,1;7;9,3,17
network_001,25,3;4;5,3,8
network_001,26,6;7;9,3,14
network_001,27,7;8;9,3,14
network_001,28,8;9;10,3,12
network_002,0,0;1,2,22
network_002,1,0;2,2,16
network_002,2,0;3,2,19
network_002,3,0;4,2,16
network_002,4,0;7,2,15
network_002,5,0;8,2,17
network_002,6,0;11,2,14
network_002,7,1;2,2,15
network_002,8,1;3,2,18
network_002,9,1;5,2,14
network_002,10,1;6,2,15
network_002,11,1;8,2,18
network_002,12,1;10,2,14
network_002,13,2;3,2,12
network_002,14,3;4,2,13
network_002,15,3;6,2,13
network_002,16,4;5,2,8
network_002,17,4;8,2,11
network_002,18,5;6,2,7
network_002,19,6;7,2,8
network_002,20,7;8,2,9
network_002,21,8;9,2,8
network_002,22,9;10,2,3
network_002,23,10;11,2,3
network_002,24,0;1;2,3,23
network_002,25,0;1;3,3,25
network_002,26,0;1;8,3,25
network_002,27,0;2;3,3,20
network_002,28,0;3;4,3,21
network_002,29,0;4;8,3,19
network_002,30,0;7;8,3,18
network_002,31,1;2;3,3,19
network_002,32,1;3;6,3,20
network_002,33,1;5;6,3,16
network_003,0,0;1,2,6
network_003,1,0;3,2,8
network_003,2,0;11,2,5
network_003,3,1;2,2,8
network_003,4,1;3,2,8
network_003,5,2;3,2,9
network_003,6,2;4,2,9
network_003,7,2;9,2,7
network_003,8,3;4,2,10
network_003,9,4;5,2,8
network_003,10,4;6,2,8
network_003,11,5;6,2,6
network_003,12,5;7,2,6
network_003,13,6;7,2,6
network_003,14,7;8,2,5
network_003,15,8;9,2,4
network_003,16,8;11,2,4
network_003,17,9;10,2,3
network_003,18,10;11,2,3
network_003,19,0;1;3,3,9
network_003,20,1;2;3,3,10
network_003,21,2;3;4,3,12
network_003,22,4;5;6,3,9
network_003,23,5;6;7,3,7
network_004,0,0;1,2,10
network_004,1,0;6,2,4
network_004,2,0;11,2,6
network_004,3,1;2,2,17
network_004,4,1;8,2,14
network_004,5,1;9,2,16
network_004,6,1;10,2,11
network_004,7,2;3,2,15
network_004,8,2;5,2,17
network_004,9,2;8,2,17
network_004,10,2;9,2,19
network_004,11,2;11,2,14
network_004,12,3;4,2,7
network_004,13,3;5,2,12
network_004,14,3;10,2,9
network_004,15,4;5,2,11
network_004,16,4;8,2,11
network_004,17,5;6,2,11
network_004,18,5;9,2,19
network_004,19,5;11,2,12
network_004,20,6;7,2,5
network_004,21,7;8,2,10
network_004,22,7;9,2,13
network_004,23,8;9,2,16
network_004,24,9;10,2,14
network_004,25,10;11,2,8
network_004,26,1;2;8,3,21
network_004,27,1;2;9,3,22
network_004,28,1;8;9,3,19
network_004,29,1;9;10,3,18
network_004,30,2;3;5,3,19
network_004,31,2;5;9,3,24
network_004,32,2;5;11,3,19
network_004,33,2;8;9,3,22
network_004,34,3;4;5,3,13
network_004,35,7;8;9,3,17
network_005,0,0;1,2,8
network_005,1,0;2,2,5
network_005,2,0;11,2,5
network_005,3,1;2,2,8
network_005,4,1;4,2,11
network_005,5,1;5,2,9
network_005,6,1;9,2,12
network_005,7,2;3,2,10
network_005,8,3;4,2,12
network_005,9,3;6,2,11
network_005,10,3;7,2,12
network_005,11,3;9,2,12
network_005,12,4;5,2,8
network_005,13,4;6,2,10
network_005,14,5;6,2,9
network_005,15,6;7,2,12
network_005,16,7;8,2,8
network_005,17,7;9,2,11
network_005,18,7;11,2,9
network_005,19,8;9,2,7
network_005,20,9;10,2,7
network_005,21,10;11,2,3
network_005,22,0;1;2,3,9
network_005,23,1;4;5,3,12
network_005,24,3;4;6,3,14
network_005,25,3;6;7,3,15
network_005,26,3;7;9,3,15
network_005,27,4;5;6,3,11
network_005,28,7;8;9,3,11
network_006,0,0;1,2,10
network_006,1,0;2,2,11
network_006,2,0;3,2,12
network_006,3,0;9,2,11
network_006,4,0;11,2,11
network_006,5,1;2,2,9
network_006,6,1;3,2,10
network_006,7,2;3,2,11
network_006,8,2;5,2,12
network_006,9,3;4,2,10
network_006,10,3;6,2,11
network_006,11,4;5,2,8
network_006,12,4;7,2,7
network_006,13,5;6,2,9
network_006,14,5;7,2,9
network_006,15,5;9,2,10
network_006,16,6;7,2,8
network_006,17,6;11,2,8
network_006,18,7;8,2,10
network_006,19,8;9,2,8
network_006,20,8;10,2,7
network_006,21,8;11,2,8
network_006,22,9;10,2,7
network_006,23,10;11,2,7
network_006,24,0;1;2,3,12
network_006,25,0;1;3,3,13
network_006,26,0;2;3,3,14
network_006,27,1;2;3,3,12
network_006,28,4;5;7,3,10
network_006,29,5;6;7,3,11
network_006,30,8;9;10,3,9
network_006,31,8;10;11,3,9
network_007,0,0;1,2,7
network_007,1,0;9,2,10
network_007,2,0;10,2,11
network_007,3,0;11,2,13
network_007,4,1;2,2,3
network_007,5,2;3,2,4
network_007,6,2;11,2,11
network_007,7,3;4,2,3
network_007,8,3;6,2,6
network_007,9,4;5,2,5
network_007,10,5;6,2,8
network_007,11,5;10,2,10
network_007,12,5;11,2,12
network_007,13,6;7,2,6
network_007,14,6;8,2,6
network_007,15,7;8,2,5
network_007,16,7;11,2,12
network_007,17,8;9,2,9
network_007,18,9;10,2,11
network_007,19,9;11,2,13
network_007,20,10;11,2,13
network_007,21,0;9;10,3,13
network_007,22,0;9;11,3,15
network_007,23,0;10;11,3,15
network_007,24,5;10;11,3,15
network_007,25,6;7;8,3,7
network_007,26,9;10;11,3,15
network_008,0,0;1,2,14
network_008,1,0;2,2,15
network_008,2,0;3,2,16
network_008,3,0;4,2,13
network_008,4,0;9,2,12
network_008,5,0;11,2,12
network_008,6,1;2,2,11
network_008,7,1;3,2,13
network_008,8,1;5,2,8
network_008,9,2;3,2,13
network_008,10,2;8,2,10
network_008,11,3;4,2,13
network_008,12,3;8,2,12
network_008,13,4;5,2,7
network_008,14,4;11,2,7
network_008,15,5;6,2,3
network_008,16,6;7,2,2
network_008,17,7;8,2,5
network_008,18,8;9,2,6
network_008,19,9;10,2,3
network_008,20,10;11,2,4
network_008,21,0;1;2,3,17
network_008,22,0;1;3,3,18
network_008,23,0;2;3,3,18
network_008,24,0;3;4,3,18
network_008,25,0;4;11,3,14
network_008,26,1;2;3,3,15
network_008,27,2;3;8,3,15
network_009,0,0;1,2,2
network_009,1,0;11,2,7
network_009,2,1;2,2,4
network_009,3,2;3,2,4
network_009,4,2;4,2,10
network_009,5,3;4,2,9
network_009,6,4;5,2,11
network_009,7,4;6,2,11
network_009,8,4;7,2,12
network_009,9,5;6,2,8
network_009,10,5;7,2,9
network_009,11,6;7,2,9
network_009,12,7;8,2,12
network_009,13,8;9,2,9
network_009,14,8;10,2,9
network_009,15,8;11,2,10
network_009,16,9;10,2,8
network_009,17,9;11,2,9
network_009,18,10;11,2,9
network_009,19,2;3;4,3,10
network_009,20,4;5;6,3,12
network_009,21,4;5;7,3,13
network_009,22,4;6;7,3,13
network_009,23,5;6;7,3,10
network_009,24,8;9;10,3,10
network_009,25,8;9;11,3,11
network_009,26,8;10;11,3,11
network_009,27,9;10;11,3,10
network_010,0,0;1,2,5
network_010,1,0;11,2,10
network_010,2,1;2,2,10
network_010,3,1;11,2,11
network_010,4,2;3,2,9
network_010,5,2;4,2,9
network_010,6,2;9,2,12
network_010,7,2;11,2,14
network_010,8,3;4,2,5
network_010,9,3;7,2,5
network_010,10,4;5,2,4
network_010,11,5;6,2,3
network_010,12,6;7,2,4
network_010,13,6;11,2,11
network_010,14,7;8,2,5
network_010,15,8;9,2,8
network_010,16,8;10,2,6
network_010,17,9;10,2,8
network_010,18,9;11,2,13
network_010,19,10;11,2,12
network_010,20,0;1;11,3,11
network_010,21,1;2;11,3,15
network_010,22,2;3;4,3,10
network_010,23,2;9;11,3,17
network_010,24,8;9;10,3,9
network_010,25,9;10;11,3,14
network_011,0,0;1,2,16
network_011,1,0;2,2,15
network_011,2,0;10,2,12
network_011,3,0;11,2,11
network_011,4,1;2,2,18
network_011,5,1;3,2,17
network_011,6,1;4,2,18
network_011,7,1;6,2,15
network_011,8,1;11,2,16
network_011,9,2;3,2,17
network_011,10,2;7,2,12
network_011,11,2;8,2,12
network_011,12,2;11,2,15
network_011,13,3;4,2,14
network_011,14,3;5,2,11
network_011,15,3;10,2,13
network_011,16,4;5,2,11
network_011,17,4;6,2,12
network_011,18,4;10,2,14
network_011,19,5;6,2,8
network_011,20,6;7,2,8
network_011,21,7;8,2,5
network_011,22,8;9,2,4
network_011,23,9;10,2,7
network_011,24,10;11,2,12
network_011,25,0;1;2,3,21
network_011,26,0;1;11,3,18
network_011,27,0;2;11,3,17
network_011,28,0;10;11,3,15
network_011,29,1;2;3,3,23
network_011,30,1;2;11,3,21
network_011,31,1;3;4,3,21
network_011,32,1;4;6,3,20
network_011,33,2;7;8,3,13
network_011,34,3;4;5,3,15
network_011,35,3;4;10,3,18
network_011,36,4;5;6,3,13
network_012,0,0;1,2,11
network_012,1,0;2,2,11
network_012,2,0;3,2,12
network_012,3,0;10,2,14
network_012,4,0;11,2,14
network_012,5,1;2,2,8
network_012,6,1;3,2,9
network_012,7,2;3,2,9
network_012,8,3;4,2,9
network_012,9,4;5,2,4
network_012,10,4;6,2,5
network_012,11,5;6,2,4
network_012,12,6;7,2,4
network_012,13,7;8,2,7
network_012,14,8;9,2,9
network_012,15,8;10,2,11
network_012,16,8;11,2,11
network_012,17,9;10,2,10
network_012,18,9;11,2,10
network_012,19,10;11,2,11
network_012,20,0;1;2,3,12
network_012,21,0;1;3,3,13
network_012,22,0;2;3,3,13
network_012,23,0;10;11,3,17
network_012,24,1;2;3,3,10
network_012,25,4;5;6,3,5
network_012,26,8;9;10,3,12
network_012,27,8;9;11,3,12
network_012,28,8;10;11,3,13
network_012,29,9;10;11,3,12
network_013,0,0;1,2,11
network_013,1,0;5,2,12
network_013,2,0;7,2,14
network_013,3,0;11,2,12
network_013,4,1;2,2,7
network_013,5,1;4,2,12
network_013,6,1;7,2,14
network_013,7,1;8,2,12
network_013,8,2;3,2,3
network_013,9,3;4,2,8
network_013,10,3;10,2,9
network_013,11,4;5,2,11
network_013,12,4;6,2,8
network_013,13,4;11,2,13
network_013,14,5;6,2,9
network_013,15,5;8,2,14
network_013,16,5;11,2,13
network_013,17,6;7,2,13
network_013,18,7;8,2,15
network_013,19,7;10,2,15
network_013,20,7;11,2,16
network_013,21,8;9,2,8
network_013,22,8;10,2,12
network_013,23,9;10,2,8
network_013,24,10;11,2,14
network_013,25,0;1;7,3,17
network_013,26,0;5;11,3,16
network_013,27,0;7;11,3,18
network_013,28,1;7;8,3,18
network_013,29,4;5;6,3,12
network_013,30,4;5;11,3,16
network_013,31,7;8;10,3,18
network_013,32,7;10;11,3,20
network_013,33,8;9;10,3,12
network_014,0,0;1,2,32
network_014,1,0;3,2,29
network_014,2,0;4,2,26
network_014,3,0;5,2,22
network_014,4,0;6,2,26
network_014,5,0;8,2,24
network_014,6,0;9,2,25
network_014,7,0;11,2,23
network_014,8,1;2,2,18
network_014,9,1;3,2,25
network_014,10,1;4,2,25
network_014,11,1;6,2,23
network_014,12,1;7,2,19
network_014,13,1;9,2,23
network_014,14,1;11,2,21
network_014,15,2;3,2,14
network_014,16,3;4,2,21
network_014,17,3;6,2,20
network_014,18,3;9,2,19
network_014,19,4;5,2,13
network_014,20,4;8,2,16
network_014,21,4;10,2,12
network_014,22,5;6,2,12
network_014,23,6;7,2,11
network_014,24,7;8,2,10
network_014,25,8;9,2,14
network_014,26,8;11,2,11
network_014,27,9;10,2,10
network_014,28,10;11,2,7
network_014,29,0;1;3,3,36
network_014,30,0;1;4,3,36
network_014,31,0;1;6,3,35
network_014,32,0;1;9,3,35
network_014,33,0;1;11,3,34
network_014,34,0;3;4,3,33
network_014,35,0;3;6,3,33
network_014,36,0;3;9,3,32
network_014,37,0;4;5,3,27
network_014,38,0;4;8,3,29
network_014,39,0;5;6,3,27
network_014,40,0;8;9,3,28
network_014,41,0;8;11,3,26
network_014,42,1;2;3,3,25
network_014,43,1;3;4,3,31
network_014,44,1;3;6,3,29
network_014,45,1;3;9,3,29
network_014,46,1;6;7,3,24
network_015,0,0;1,2,4
network_015,1,0;11,2,7
network_015,2,1;2,2,5
network_015,3,1;3,2,5
network_015,4,2;3,2,5
network_015,5,2;7,2,9
network_015,6,3;4,2,6
network_015,7,4;5,2,7
network_015,8,4;7,2,8
network_015,9,5;6,2,6
network_015,10,5;7,2,9
network_015,11,5;10,2,11
network_015,12,6;7,2,7
network_015,13,7;8,2,12
network_015,14,8;9,2,9
network_015,15,8;10,2,10
network_015,16,8;11,2,10
network_015,17,9;10,2,9
network_015,18,9;11,2,9
network_015,19,10;11,2,10
network_015,20,1;2;3,3,6
network_015,21,4;5;7,3,10
network_015,22,5;6;7,3,9
network_015,23,8;9;10,3,11
network_015,24,8;9;11,3,11
network_015,25,8;10;11,3,12
network_015,26,9;10;11,3,11
network_016,0,0;1,2,6
network_016,1,0;3,2,14
network_016,2,0;8,2,12
network_016,3,0;11,2,5
network_016,4,1;2,2,5
network_016,5,1;7,2,6
network_016,6,2;3,2,13
network_016,7,2;8,2,11
network_016,8,3;4,2,14
network_016,9,3;5,2,15
network_016,10,3;6,2,15
network_016,11,3;8,2,17
network_016,12,4;5,2,10
network_016,13,4;6,2,9
network_016,14,5;6,2,11
network_016,15,5;8,2,15
network_016,16,6;7,2,10
network_016,17,7;8,2,12
network_016,18,7;9,2,6
network_016,19,8;9,2,11
network_016,20,9;10,2,4
network_016,21,10;11,2,2
network_016,22,0;3;8,3,19
network_016,23,2;3;8,3,18
network_016,24,3;4;5,3,16
network_016,25,3;4;6,3,16
network_016,26,3;5;6,3,17
network_016,27,3;5;8,3,20
network_016,28,4;5;6,3,12
network_016,29,7;8;9,3,13
network_017,0,0;1,2,14
network_017,1,0;3,2,17
network_017,2,0;5,2,14
network_017,3,0;11,2,10
network_017,4,1;2,2,10
network_017,5,1;3,2,19
network_017,6,1;5,2,16
network_017,7,1;7,2,13
network_017,8,1;10,2,11
network_017,9,2;3,2,14
network_017,10,3;4,2,14
network_017,11,3;5,2,18
network_017,12,3;6,2,19
network_017,13,3;11,2,16
network_017,14,4;5,2,10
network_017,15,5;6,2,15
network_017,16,6;7,2,10
network_017,17,6;8,2,9
network_017,18,6;9,2,9
network_017,19,7;8,2,7
network_017,20,7;11,2,8
network_017,21,8;9,2,6
network_017,22,9;10,2,5
network_017,23,10;11,2,6
network_017,24,0;1;3,3,21
network_017,25,0;1;5,3,19
network_017,26,0;3;5,3,20
network_017,27,0;3;11,3,19
network_017,28,1;2;3,3,19
network_017,29,1;3;5,3,22
network_017,30,3;4;5,3,18
network_017,31,3;5;6,3,23
network_017,32,6;7;8,3,11
network_017,33,6;8;9,3,10
network_018,0,0;1,2,9
network_018,1,0;2,2,9
network_018,2,0;3,2,10
network_018,3,0;11,2,9
network_018,4,1;2,2,8
network_018,5,1;3,2,9
network_018,6,2;3,2,9
network_018,7,3;4,2,7
network_018,8,4;5,2,5
network_018,9,5;6,2,5
network_018,10,5;7,2,6
network_018,11,5;9,2,7
network_018,12,6;7,2,4
network_018,13,7;8,2,8
network_018,14,8;9,2,7
network_018,15,8;10,2,7
network_018,16,8;11,2,7
network_018,17,9;10,2,6
network_018,18,10;11,2,6
network_018,19,0;1;2,3,10
network_018,20,0;1;3,3,11
network_018,21,0;2;3,3,11
network_018,22,1;2;3,3,10
network_018,23,5;6;7,3,6
network_018,24,8;9;10,3,8
network_018,25,8;10;11,3,8
network_019,0,0;1,2,10
network_019,1,0;3,2,11
network_019,2,0;4,2,12
network_019,3,0;7,2,10
network_019,4,0;11,2,12
network_019,5,1;2,2,4
network_019,6,1;5,2,6
network_019,7,1;10,2,8
network_019,8,2;3,2,7
network_019,9,3;4,2,12
network_019,10,3;7,2,9
network_019,11,3;9,2,11
network_019,12,4;5,2,10
network_019,13,4;10,2,11
network_019,14,4;11,2,11
network_019,15,5;6,2,4
network_019,16,5;9,2,8
network_019,17,6;7,2,5
network_019,18,7;8,2,5
network_019,19,8;9,2,6
network_019,20,9;10,2,9
network_019,21,9;11,2,10
network_019,22,10;11,2,9
network_019,23,0;3;4,3,15
network_019,24,0;3;7,3,13
network_019,25,0;4;11,3,15
network_019,26,4;10;11,3,13
network_019,27,9;10;11,3,12
network_020,0,0;1,2,14
network_020,1,0;2,2,16
network_020,2,0;3,2,15
network_020,3,0;11,2,11
network_020,4,1;2,2,19
network_020,5,1;3,2,16
network_020,6,1;4,2,14
network_020,7,1;5,2,13
network_020,8,2;3,2,19
network_020,9,2;9,2,19
network_020,10,2;10,2,14
network_020,11,2;11,2,15
network_020,12,3;4,2,15
network_020,13,3;9,2,17
network_020,14,4;5,2,10
network_020,15,4;9,2,14
network_020,16,5;6,2,7
network_020,17,5;9,2,13
network_020,18,6;7,2,3
network_020,19,6;11,2,7
network_020,20,7;8,2,2
network_020,21,8;9,2,10
network_020,22,9;10,2,12
network_020,23,10;11,2,8
network_020,24,0;1;2,3,21
network_020,25,0;1;3,3,19
network_020,26,0;2;3,3,21
network_020,27,0;2;11,3,18
network_020,28,1;2;3,3,23
network_020,29,1;3;4,3,19
network_020,30,1;4;5,3,16
network_020,31,2;3;9,3,24
network_020,32,2;9;10,3,20
network_020,33,2;10;11,3,16
network_020,34,3;4;9,3,20
network_020,35,4;5;9,3,16
network_021,0,0;1,2,6
network_021,1,0;2,2,7
network_021,2,0;3,2,7
network_021,3,0;11,2,8
network_021,4,1;2,2,5
network_021,5,2;3,2,6
network_021,6,3;4,2,4
network_021,7,4;5,2,4
network_021,8,5;6,2,4
network_021,9,5;7,2,5
network_021,10,6;7,2,4
network_021,11,7;8,2,6
network_021,12,8;9,2,6
network_021,13,8;10,2,6
network_021,14,9;10,2,6
network_021,15,9;11,2,6
network_021,16,10;11,2,6
network_021,17,0;1;2,3,7
network_021,18,0;2;3,3,8
network_021,19,5;6;7,3,5
network_021,20,8;9;10,3,7
network_021,21,9;10;11,3,7
network_022,0,0;1,2,9
network_022,1,0;3,2,9
network_022,2,0;4,2,15
network_022,3,0;11,2,9
network_022,4,1;2,2,9
network_022,5,1;9,2,8
network_022,6,1;11,2,8
network_022,7,2;3,2,8
network_022,8,2;4,2,14
network_022,9,2;8,2,8
network_022,10,3;4,2,13
network_022,11,4;5,2,12
network_022,12,4;6,2,16
network_022,13,4;8,2,14
network_022,14,4;11,2,15
network_022,15,5;6,2,7
network_022,16,6;7,2,7
network_022,17,6;9,2,9
network_022,18,6;10,2,8
network_022,19,7;8,2,5
network_022,20,8;9,2,8
network_022,21,9;10,2,6
network_022,22,10;11,2,8
network_022,23,0;1;11,3,11
network_022,24,0;3;4,3,16
network_022,25,0;4;11,3,17
network_022,26,2;3;4,3,15
network_022,27,2;4;8,3,16
network_022,28,4;5;6,3,16
network_022,29,6;9;10,3,10
network_023,0,0;1,2,14
network_023,1,0;3,2,13
network_023,2,0;4,2,11
network_023,3,0;7,2,8
network_023,4,0;11,2,7
network_023,5,1;2,2,15
network_023,6,1;3,2,15
network_023,7,1;6,2,11
network_023,8,1;8,2,13
network_023,9,1;10,2,15
network_023,10,2;3,2,15
network_023,11,2;5,2,10
network_023,12,2;9,2,12
network_023,13,2;10,2,13
network_023,14,3;4,2,14
network_023,15,3;10,2,15
network_023,16,4;5,2,8
network_023,17,4;8,2,9
network_023,18,4;9,2,10
network_023,19,5;6,2,4
network_023,20,6;7,2,4
network_023,21,7;8,2,6
network_023,22,8;9,2,8
network_023,23,9;10,2,12
network_023,24,10;11,2,9
network_023,25,0;1;3,3,18
network_023,26,0;3;4,3,17
network_023,27,1;2;3,3,19
network_023,28,1;2;10,3,18
network_023,29,1;3;10,3,19
network_023,30,2;3;10,3,18
network_023,31,2;9;10,3,16
network_023,32,4;8;9,3,12
network_024,0,0;1,2,10
network_024,1,0;2,2,10
network_024,2,0;3,2,11
network_024,3,0;9,2,9
network_024,4,0;11,2,9
network_024,5,1;2,2,8
network_024,6,1;3,2,9
network_024,7,2;3,2,9
network_024,8,3;4,2,7
network_024,9,4;5,2,4
network_024,10,5;6,2,4
network_024,11,5;7,2,5
network_024,12,6;7,2,4
network_024,13,7;8,2,5
network_024,14,8;9,2,4
network_024,15,8;11,2,4
network_024,16,9;10,2,3
network_024,17,10;11,2,3
network_024,18,0;1;2,3,11
network_024,19,0;1;3,3,12
network_024,20,0;2;3,3,12
network_024,21,1;2;3,3,10
network_024,22,5;6;7,3,5
network_025,0,0;1,2,7
network_025,1,0;4,2,8
network_025,2,0;8,2,14
network_025,3,0;11,2,7
network_025,4,1;2,2,5
network_025,5,1;3,2,8
network_025,6,2;3,2,8
network_025,7,2;7,2,6
network_025,8,3;4,2,11
network_025,9,3;10,2,10
network_025,10,3;11,2,8
network_025,11,4;5,2,8
network_025,12,4;8,2,14
network_025,13,5;6,2,7
network_025,14,5;8,2,13
network_025,15,6;7,2,6
network_025,16,6;8,2,13
network_025,17,7;8,2,13
network_025,18,8;9,2,12
network_025,19,8;10,2,15
network_025,20,9;10,2,6
network_025,21,10;11,2,7
network_025,22,0;4;8,3,16
network_025,23,1;2;3,3,9
network_025,24,3;10;11,3,11
network_025,25,4;5;8,3,15
network_025,26,5;6;8,3,14
network_025,27,6;7;8,3,14
network_025,28,8;9;10,3,15
network_026,0,0;1,2,21
network_026,1,0;2,2,20
network_026,2,0;3,2,19
network_026,3,0;4,2,17
network_026,4,0;10,2,23
network_026,5,0;11,2,20
network_026,6,1;2,2,19
network_026,7,1;3,2,17
network_026,8,1;5,2,15
network_026,9,1;8,2,17
network_026,10,1;11,2,19
network_026,11,2;3,2,18
network_026,12,2;10,2,21
network_026,13,2;11,2,18
network_026,14,3;4,2,13
network_026,15,3;8,2,15
network_026,16,4;5,2,8
network_026,17,4;6,2,7
network_026,18,5;6,2,6
network_026,19,5;10,2,16
network_026,20,6;7,2,8
network_026,21,7;8,2,11
network_026,22,7;10,2,15
network_026,23,7;11,2,14
network_026,24,8;9,2,8
network_026,25,8;10,2,17
network_026,26,9;10,2,13
network_026,27,10;11,2,19
network_026,28,0;1;2,3,25
network_026,29,0;1;3,3,24
network_026,30,0;1;11,3,26
network_026,31,0;2;3,3,24
network_026,32,0;2;10,3,28
network_026,33,0;2;11,3,24
network_026,34,0;3;4,3,22
network_026,35,0;10;11,3,27
network_026,36,1;2;3,3,23
network_026,37,1;2;11,3,24
network_026,38,1;3;8,3,22
network_026,39,2;10;11,3,25
network_026,40,4;5;6,3,9
network_026,41,7;8;10,3,19
network_026,42,7;10;11,3,21
network_026,43,8;9;10,3,17
network_027,0,0;1,2,9
network_027,1,0;2,2,9
network_027,2,0;3,2,10
network_027,3,0;11,2,11
network_027,4,1;2,2,8
network_027,5,1;3,2,9
network_027,6,2;3,2,9
network_027,7,3;4,2,9
network_027,8,4;5,2,6
network_027,9,4;6,2,6
network_027,10,5;6,2,6
network_027,11,5;7,2,6
network_027,12,6;7,2,6
network_027,13,7;8,2,6
network_027,14,8;9,2,6
network_027,15,8;11,2,7
network_027,16,9;10,2,5
network_027,17,9;11,2,7
network_027,18,10;11,2,6
network_027,19,0;1;2,3,10
network_027,20,0;1;3,3,11
network_027,21,0;2;3,3,11
network_027,22,1;2;3,3,10
network_027,23,4;5;6,3,7
network_027,24,5;6;7,3,7
network_027,25,8;9;11,3,8
network_027,26,9;10;11,3,7
network_028,0,0;1,2,6
network_028,1,0;8,2,6
network_028,2,0;11,2,7
network_028,3,1;2,2,6
network_028,4,1;9,2,7
network_028,5,1;11,2,8
network_028,6,2;3,2,4
network_028,7,2;8,2,5
network_028,8,3;4,2,3
network_028,9,3;11,2,7
network_028,10,4;5,2,6
network_028,11,5;6,2,8
network_028,12,5;7,2,8
network_028,13,5;10,2,8
network_028,14,6;7,2,8
network_028,15,6;9,2,7
network_028,16,6;11,2,9
network_028,17,7;8,2,8
network_028,18,7;10,2,8
network_028,19,8;9,2,6
network_028,20,9;10,2,7
network_028,21,10;11,2,9
network_028,22,0;1;11,3,9
network_028,23,5;6;7,3,10
network_028,24,5;7;10,3,10
network_029,0,0;1,2,16
network_029,1,0;4,2,9
network_029,2,0;7,2,8
network_029,3,0;8,2,8
network_029,4,0;11,2,8
network_029,5,1;2,2,17
network_029,6,1;3,2,18
network_029,7,1;5,2,16
network_029,8,1;6,2,17
network_029,9,1;11,2,13
network_029,10,2;3,2,16
network_029,11,2;6,2,15
network_029,12,2;9,2,10
network_029,13,2;10,2,10
network_029,14,3;4,2,12
network_029,15,3;5,2,14
network_029,16,3;6,2,16
network_029,17,4;5,2,9
network_029,18,5;6,2,14
network_029,19,6;7,2,12
network_029,20,7;8,2,5
network_029,21,8;9,2,6
network_029,22,9;10,2,5
network_029,23,10;11,2,6
network_029,24,0;1;11,3,17
network_029,25,0;7;8,3,9
network_029,26,1;2;3,3,22
network_029,27,1;2;6,3,21
network_029,28,1;3;5,3,20
network_029,29,1;3;6,3,21
network_029,30,1;5;6,3,20
network_029,31,2;3;6,3,20
network_029,32,2;9;10,3,11
network_029,33,3;4;5,3,15
network_029,34,3;5;6,3,18
network_030,0,0;1,2,7
network_030,1,0;3,2,8
network_030,2,0;6,2,10
network_030,3,0;11,2,10
network_030,4,1;2,2,5
network_030,5,1;3,2,7
network_030,6,2;3,2,6
network_030,7,3;4,2,11
network_030,8,4;5,2,11
network_030,9,4;6,2,10
network_030,10,4;7,2,13
network_030,11,5;6,2,11
network_030,12,5;7,2,13
network_030,13,5;10,2,15
network_030,14,6;7,2,13
network_030,15,7;8,2,15
network_030,16,7;10,2,16
network_030,17,8;9,2,10
network_030,18,8;10,2,13
network_030,19,8;11,2,11
network_030,20,9;10,2,12
network_030,21,9;11,2,9
network_030,22,10;11,2,13
network_030,23,0;1;3,3,9
network_030,24,1;2;3,3,7
network_030,25,4;5;6,3,13
network_030,26,4;5;7,3,15
network_030,27,4;6;7,3,15
network_030,28,5;6;7,3,15
network_030,29,5;7;10,3,19
network_030,30,7;8;10,3,19
network_030,31,8;9;10,3,14
network_030,32,8;9;11,3,12
network_030,33,8;10;11,3,15
network_030,34,9;10;11,3,14
network_031,0,0;1,2,11
network_031,1,0;2,2,13
network_031,2,0;3,2,13
network_031,3,0;8,2,13
network_031,4,0;9,2,14
network_031,5,0;11,2,13
network_031,6,1;2,2,7
network_031,7,2;3,2,10
network_031,8,2;8,2,10
network_031,9,3;4,2,6
network_031,10,3;9,2,10
network_031,11,4;5,2,5
network_031,12,5;6,2,6
network_031,13,5;10,2,6
network_031,14,5;11,2,6
network_031,15,6;7,2,3
network_031,16,6;9,2,8
network_031,17,7;8,2,6
network_031,18,8;9,2,10
network_031,19,9;10,2,9
network_031,20,10;11,2,5
network_031,21,0;1;2,3,13
network_031,22,0;2;3,3,15
network_031,23,0;2;8,3,15
network_031,24,0;3;9,3,16
network_031,25,0;8;9,3,16
network_031,26,5;10;11,3,7
network_032,0,0;1,2,12
network_032,1,0;2,2,12
network_032,2,0;3,2,11
network_032,3,0;11,2,10
network_032,4,1;2,2,13
network_032,5,1;3,2,12
network_032,6,1;9,2,10
network_032,7,1;11,2,11
network_032,8,2;3,2,11
network_032,9,2;7,2,10
network_032,10,2;10,2,9
network_032,11,3;4,2,7
network_032,12,4;5,2,2
network_032,13,5;6,2,2
network_032,14,6;7,2,4
network_032,15,7;8,2,4
network_032,16,7;11,2,7
network_032,17,8;9,2,3
network_032,18,9;10,2,4
network_032,19,10;11,2,6
network_032,20,0;1;2,3,15
network_032,21,0;1;3,3,14
network_032,22,0;1;11,3,14
network_032,23,0;2;3,3,14
network_032,24,1;2;3,3,15
network_033,0,0;1,2,4
network_033,1,0;11,2,4
network_033,2,1;2,2,4
network_033,3,1;3,2,5
network_033,4,2;3,2,4
network_033,5,3;4,2,4
network_033,6,4;5,2,4
network_033,7,5;6,2,5
network_033,8,5;7,2,5
network_033,9,6;7,2,5
network_033,10,6;10,2,8
network_033,11,7;8,2,8
network_033,12,8;9,2,6
network_033,13,8;10,2,8
network_033,14,8;11,2,7
network_033,15,9;10,2,6
network_033,16,10;11,2,7
network_033,17,1;2;3,3,5
network_033,18,5;6;7,3,6
network_033,19,8;9;10,3,8
network_033,20,8;10;11,3,9
network_034,0,0;1,2,12
network_034,1,0;8,2,8
network_034,2,0;10,2,9
network_034,3,0;11,2,9
network_034,4,1;2,2,9
network_034,5,1;4,2,10
network_034,6,1;5,2,10
network_034,7,1;9,2,12
network_034,8,1;10,2,12
network_034,9,2;3,2,5
network_034,10,3;4,2,7
network_034,11,3;7,2,9
network_034,12,3;11,2,8
network_034,13,4;5,2,5
network_034,14,5;6,2,4
network_034,15,6;7,2,7
network_034,16,7;8,2,8
network_034,17,7;9,2,10
network_034,18,7;11,2,10
network_034,19,8;9,2,7
network_034,20,9;10,2,10
network_034,21,10;11,2,10
network_034,22,0;1;10,3,14
network_034,23,0;10;11,3,12
network_034,24,1;4;5,3,11
network_034,25,1;9;10,3,15
network_034,26,3;7;11,3,12
network_034,27,7;8;9,3,11
network_035,0,0;1,2,13
network_035,1,0;2,2,16
network_035,2,0;5,2,11
network_035,3,0;9,2,11
network_035,4,0;10,2,11
network_035,5,0;11,2,11
network_035,6,1;2,2,12
network_035,7,1;4,2,9
network_035,8,1;6,2,8
network_035,9,2;3,2,11
network_035,10,2;4,2,12
network_035,11,2;8,2,11
network_035,12,2;11,2,12
network_035,13,3;4,2,7
network_035,14,3;6,2,6
network_035,15,4;5,2,7
network_035,16,5;6,2,5
network_035,17,6;7,2,4
network_035,18,7;8,2,3
network_035,19,8;9,2,5
network_035,20,9;10,2,6
network_035,21,10;11,2,7
network_035,22,0;1;2,3,18
network_035,23,0;2;11,3,17
network_035,24,0;9;10,3,12
network_035,25,0;10;11,3,12
network_035,26,1;2;4,3,14
network_035,27,2;3;4,3,13
network_036,0,0;1,2,9
network_036,1,0;2,2,9
network_036,2,0;3,2,10
network_036,3,0;11,2,9
network_036,4,1;2,2,8
network_036,5,1;3,2,9
network_036,6,2;3,2,9
network_036,7,3;4,2,9
network_036,8,4;5,2,6
network_036,9,4;7,2,7
network_036,10,5;6,2,6
network_036,11,5;7,2,7
network_036,12,6;7,2,7
network_036,13,6;10,2,8
network_036,14,7;8,2,8
network_036,15,8;9,2,6
network_036,16,8;10,2,7
network_036,17,9;10,2,7
network_036,18,9;11,2,6
network_036,19,10;11,2,7
network_036,20,0;1;2,3,10
network_036,21,0;1;3,3,11
network_036,22,0;2;3,3,11
network_036,23,1;2;3,3,10
network_036,24,4;5;7,3,8
network_036,25,5;6;7,3,8
network_036,26,8;9;10,3,8
network_036,27,9;10;11,3,8
network_037,0,0;1,2,5
network_037,1,0;9,2,14
network_037,2,0;11,2,5
network_037,3,1;2,2,8
network_037,4,1;11,2,5
network_037,5,2;3,2,9
network_037,6,2;4,2,8
network_037,7,2;9,2,15
network_037,8,3;4,2,9
network_037,9,3;7,2,11
network_037,10,3;9,2,15
network_037,11,4;5,2,5
network_037,12,4;8,2,9
network_037,13,5;6,2,4
network_037,14,6;7,2,8
network_037,15,6;9,2,13
network_037,16,7;8,2,10
network_037,17,7;9,2,14
network_037,18,8;9,2,14
network_037,19,8;10,2,7
network_037,20,9;10,2,13
network_037,21,10;11,2,6
network_037,22,0;1;11,3,6
network_037,23,2;3;4,3,11
network_037,24,2;3;9,3,17
network_037,25,3;7;9,3,17
network_037,26,6;7;9,3,15
network_037,27,7;8;9,3,16
network_037,28,8;9;10,3,15
network_038,0,0;1,2,15
network_038,1,0;4,2,9
network_038,2,0;5,2,9
network_038,3,0;11,2,9
network_038,4,1;2,2,15
network_038,5,1;3,2,18
network_038,6,1;6,2,15
network_038,7,1;7,2,12
network_038,8,1;11,2,14
network_038,9,2;3,2,14
network_038,10,2;6,2,13
network_038,11,2;9,2,12
network_038,12,3;4,2,15
network_038,13,3;6,2,16
network_038,14,3;8,2,12
network_038,15,3;9,2,14
network_038,16,4;5,2,8
network_038,17,4;11,2,9
network_038,18,5;6,2,12
network_038,19,5;9,2,10
network_038,20,6;7,2,10
network_038,21,7;8,2,6
network_038,22,8;9,2,8
network_038,23,9;10,2,7
network_038,24,10;11,2,6
network_038,25,0;1;11,3,17
network_038,26,0;4;5,3,11
network_038,27,0;4;11,3,11
network_038,28,1;2;3,3,20
network_038,29,1;2;6,3,18
network_038,30,1;3;6,3,21
network_038,31,1;6;7,3,16
network_038,32,2;3;6,3,18
network_038,33,2;3;9,3,17
network_038,34,3;8;9,3,15
network_039,0,0;1,2,6
network_039,1,0;2,2,7
network_039,2,0;10,2,8
network_039,3,0;11,2,10
network_039,4,1;2,2,4
network_039,5,2;3,2,4
network_039,6,3;4,2,6
network_039,7,4;5,2,6
network_039,8,4;6,2,7
network_039,9,4;7,2,7
network_039,10,5;6,2,5
network_039,11,6;7,2,6
network_039,12,7;8,2,6
network_039,13,8;9,2,6
network_039,14,8;11,2,8
network_039,15,9;10,2,7
network_039,16,9;11,2,8
network_039,17,10;11,2,8
network_039,18,0;1;2,3,7
network_039,19,0;10;11,3,11
network_039,20,4;5;6,3,7
network_039,21,4;6;7,3,8
network_039,22,8;9;11,3,9
network_039,23,9;10;11,3,9
network_040,0,0;1,2,16
network_040,1,0;2,2,16
network_040,2,0;4,2,15
network_040,3,0;5,2,17
network_040,4,0;6,2,13
network_040,5,0;11,2,13
network_040,6,1;2,2,13
network_040,7,1;4,2,12
network_040,8,1;5,2,15
network_040,9,2;3,2,9
network_040,10,2;5,2,15
network_040,11,2;9,2,9
network_040,12,3;4,2,8
network_040,13,3;11,2,4
network_040,14,4;5,2,14
network_040,15,5;6,2,12
network_040,16,6;7,2,4
network_040,17,7;8,2,2
network_040,18,8;9,2,3
network_040,19,9;10,2,3
network_040,20,10;11,2,3
network_040,21,0;1;2,3,19
network_040,22,0;1;4,3,18
network_040,23,0;1;5,3,19
network_040,24,0;2;5,3,20
network_040,25,0;4;5,3,19
network_040,26,0;5;6,3,18
network_040,27,1;2;5,3,18
network_040,28,1;4;5,3,17
network_041,0,0;1,2,9
network_041,1,0;3,2,9
network_041,2,0;11,2,7
network_041,3,1;2,2,12
network_041,4,1;3,2,11
network_041,5,1;4,2,13
network_041,6,2;3,2,12
network_041,7,2;4,2,12
network_041,8,2;11,2,10
network_041,9,3;4,2,13
network_041,10,4;5,2,9
network_041,11,4;11,2,11
network_041,12,5;6,2,2
network_041,13,6;7,2,2
network_041,14,7;8,2,2
network_041,15,8;9,2,2
network_041,16,9;10,2,2
network_041,17,10;11,2,5
network_041,18,0;1;3,3,12
network_041,19,1;2;3,3,14
network_041,20,1;2;4,3,15
network_041,21,1;3;4,3,15
network_041,22,2;3;4,3,15
network_041,23,2;4;11,3,14
network_042,0,0;1,2,12
network_042,1,0;2,2,11
network_042,2,0;3,2,13
network_042,3,0;9,2,14
network_042,4,0;11,2,14
network_042,5,1;2,2,9
network_042,6,1;3,2,11
network_042,7,1;8,2,13
network_042,8,2;3,2,10
network_042,9,3;4,2,12
network_042,10,3;10,2,13
network_042,11,4;5,2,6
network_042,12,4;6,2,7
network_042,13,4;7,2,7
network_042,14,5;6,2,5
network_042,15,6;7,2,6
network_042,16,7;8,2,10
network_042,17,8;9,2,12
network_042,18,8;10,2,11
network_042,19,8;11,2,12
network_042,20,9;10,2,11
network_042,21,9;11,2,11
network_042,22,10;11,2,11
network_042,23,0;1;2,3,13
network_042,24,0;1;3,3,15
network_042,25,0;2;3,3,14
network_042,26,0;9;11,3,17
network_042,27,1;2;3,3,12
network_042,28,4;5;6,3,7
network_042,29,4;6;7,3,8
network_042,30,8;9;10,3,14
network_042,31,8;9;11,3,14
network_042,32,8;10;11,3,14
network_042,33,9;10;11,3,13
network_043,0,0;1,2,8
network_043,1,0;9,2,7
network_043,2,0;11,2,4
network_043,3,1;2,2,8
network_043,4,1;4,2,8
network_043,5,1;8,2,8
network_043,6,1;9,2,9
network_043,7,2;3,2,4
network_043,8,2;6,2,4
network_043,9,3;4,2,4
network_043,10,3;7,2,4
network_043,11,4;5,2,3
network_043,12,5;6,2,3
network_043,13,6;7,2,4
network_043,14,7;8,2,5
network_043,15,8;9,2,7
network_043,16,9;10,2,6
network_043,17,10;11,2,2
network_043,18,0;1;9,3,10
network_043,19,1;8;9,3,10
network_044,0,0;1,2,13
network_044,1,0;2,2,9
network_044,2,0;3,2,12
network_044,3,0;11,2,11
network_044,4,1;2,2,11
network_044,5,1;5,2,11
network_044,6,1;10,2,11
network_044,7,1;11,2,12
network_044,8,2;3,2,10
network_044,9,3;4,2,9
network_044,10,3;8,2,10
network_044,11,3;11,2,12
network_044,12,4;5,2,7
network_044,13,4;8,2,6
network_044,14,5;6,2,5
network_044,15,5;10,2,8
network_044,16,6;7,2,2
network_044,17,7;8,2,5
network_044,18,8;9,2,5
network_044,19,9;10,2,6
network_044,20,10;11,2,10
network_044,21,0;1;2,3,14
network_044,22,0;1;11,3,15
network_044,23,0;2;3,3,13
network_044,24,0;3;11,3,15
network_044,25,1;5;10,3,13
network_044,26,1;10;11,3,14
network_044,27,3;4;8,3,11
network_045,0,0;1,2,3
network_045,1,0;3,2,4
network_045,2,0;11,2,8
network_045,3,1;2,2,2
network_045,4,2;3,2,3
network_045,5,3;4,2,5
network_045,6,4;5,2,6
network_045,7,4;6,2,6
network_045,8,5;6,2,6
network_045,9,5;7,2,6
network_045,10,6;7,2,6
network_045,11,7;8,2,9
network_045,12,8;9,2,9
network_045,13,8;10,2,9
network_045,14,8;11,2,10
network_045,15,9;10,2,8
network_045,16,9;11,2,9
network_045,17,10;11,2,9
network_045,18,4;5;6,3,7
network_045,19,5;6;7,3,7
network_045,20,8;9;10,3,10
network_045,21,8;9;11,3,11
network_045,22,8;10;11,3,11
network_045,23,9;10;11,3,10
network_046,0,0;1,2,9
network_046,1,0;10,2,6
network_046,2,0;11,2,7
network_046,3,1;2,2,7
network_046,4,1;3,2,10
network_046,5,1;7,2,10
network_046,6,1;8,2,10
network_046,7,2;3,2,6
network_046,8,3;4,2,10
network_046,9,3;11,2,9
network_046,10,4;5,2,7
network_046,11,4;7,2,10
network_046,12,4;8,2,10
network_046,13,4;11,2,10
network_046,14,5;6,2,3
network_046,15,6;7,2,7
network_046,16,6;10,2,6
network_046,17,7;8,2,8
network_046,18,8;9,2,6
network_046,19,9;10,2,5
network_046,20,10;11,2,8
network_046,21,0;10;11,3,9
network_046,22,1;2;3,3,10
network_046,23,1;7;8,3,12
network_046,24,3;4;11,3,13
network_046,25,4;7;8,3,12
network_047,0,0;1,2,9
network_047,1,0;2,2,12
network_047,2,0;3,2,10
network_047,3,0;4,2,11
network_047,4,0;11,2,10
network_047,5,1;2,2,7
network_047,6,2;3,2,9
network_047,7,2;6,2,8
network_047,8,2;10,2,8
network_047,9,3;4,2,8
network_047,10,4;5,2,7
network_047,11,4;11,2,7
network_047,12,5;6,2,4
network_047,13,5;8,2,4
network_047,14,6;7,2,3
network_047,15,7;8,2,3
network_047,16,8;9,2,3
network_047,17,9;10,2,3
network_047,18,10;11,2,5
network_047,19,0;1;2,3,12
network_047,20,0;2;3,3,13
network_047,21,0;3;4,3,12
network_047,22,0;4;11,3,12
network_048,0,0;1,2,9
network_048,1,0;2,2,9
network_048,2,0;3,2,10
network_048,3,0;11,2,12
network_048,4,1;2,2,8
network_048,5,1;3,2,9
network_048,6,2;3,2,9
network_048,7,3;4,2,9
network_048,8,4;5,2,6
network_048,9,4;6,2,6
network_048,10,5;6,2,6
network_048,11,5;7,2,6
network_048,12,6;7,2,6
network_048,13,7;8,2,9
network_048,14,8;9,2,9
network_048,15,8;10,2,9
network_048,16,8;11,2,10
network_048,17,9;10,2,8
network_048,18,9;11,2,9
network_048,19,10;11,2,9
network_048,20,0;1;2,3,10
network_048,21,0;1;3,3,11
network_048,22,0;2;3,3,11
network_048,23,1;2;3,3,10
network_048,24,4;5;6,3,7
network_048,25,5;6;7,3,7
network_048,26,8;9;10,3,10
network_048,27,8;9;11,3,11
network_048,28,8;10;11,3,11
network_048,29,9;10;11,3,10
network_049,0,0;1,2,7
network_049,1,0;4,2,8
network_049,2,0;7,2,11
network_049,3,0;11,2,8
network_049,4,1;2,2,8
network_049,5,1;5,2,4
network_049,6,2;3,2,8
network_049,7,2;8,2,9
network_049,8,2;9,2,11
network_049,9,2;11,2,10
network_049,10,3;4,2,7
network_049,11,3;9,2,9
network_049,12,4;5,2,6
network_049,13,4;7,2,11
network_049,14,5;6,2,3
network_049,15,6;7,2,9
network_049,16,7;8,2,11
network_049,17,7;9,2,14
network_049,18,7;11,2,11
network_049,19,8;9,2,9
network_049,20,9;10,2,8
network_049,21,10;11,2,5
network_049,22,0;4;7,3,13
network_049,23,0;7;11,3,13
network_049,24,2;3;9,3,12
network_049,25,2;8;9,3,12
network_049,26,7;8;9,3,15
network_050,0,0;1,2,10
network_050,1,0;2,2,18
network_050,2,0;5,2,10
network_050,3,0;10,2,10
network_050,4,0;11,2,12
network_050,5,1;2,2,15
network_050,6,1;3,2,10
network_050,7,2;3,2,17
network_050,8,2;6,2,16
network_050,9,2;8,2,16
network_050,10,2;9,2,18
network_050,11,2;11,2,18
network_050,12,3;4,2,8
network_050,13,3;6,2,10
network_050,14,3;8,2,11
network_050,15,4;5,2,4
network_050,16,5;6,2,7
network_050,17,5;9,2,10
network_050,18,6;7,2,5
network_050,19,7;8,2,6
network_050,20,8;9,2,11
network_050,21,9;10,2,10
network_050,22,9;11,2,12
network_050,23,10;11,2,9
network_050,24,0;1;2,3,19
network_050,25,0;2;11,3,21
network_050,26,0;10;11,3,13
network_050,27,1;2;3,3,18
network_050,28,2;3;6,3,19
network_050,29,2;3;8,3,19
network_050,30,2;8;9,3,20
network_050,31,2;9;11,3,21
network_050,32,9;10;11,3,13
network_051,0,0;1,2,12
network_051,1,0;2,2,11
network_051,2,0;3,2,12
network_051,3,0;4,2,15
network_051,4,0;11,2,10
network_051,5,1;2,2,9
network_051,6,1;3,2,11
network_051,7,1;6,2,12
network_051,8,2;3,2,10
network_051,9,3;4,2,14
network_051,10,4;5,2,11
network_051,11,4;6,2,12
network_051,12,4;7,2,13
network_051,13,5;6,2,9
network_051,14,5;7,2,10
network_051,15,6;7,2,11
network_051,16,7;8,2,8
network_051,17,7;11,2,9
network_051,18,8;9,2,2
network_051,19,9;10,2,2
network_051,20,10;11,2,3
network_051,21,0;1;2,3,13
network_051,22,0;1;3,3,14
network_051,23,0;2;3,3,13
network_051,24,0;3;4,3,18
network_051,25,1;2;3,3,12
network_051,26,4;5;6,3,13
network_051,27,4;5;7,3,14
network_051,28,4;6;7,3,15
network_051,29,5;6;7,3,12
network_052,0,0;1,2,6
network_052,1,0;2,2,13
network_052,2,0;7,2,11
network_052,3,0;11,2,6
network_052,4,1;2,2,12
network_052,5,1;6,2,8
network_052,6,2;3,2,13
network_052,7,2;4,2,19
network_052,8,2;5,2,14
network_052,9,2;9,2,12
network_052,10,2;10,2,12
network_052,11,3;4,2,13
network_052,12,3;7,2,10
network_052,13,4;5,2,14
network_052,14,4;6,2,14
network_052,15,4;7,2,15
network_052,16,4;8,2,13
network_052,17,5;6,2,9
network_052,18,5;11,2,7
network_052,19,6;7,2,11
network_052,20,7;8,2,9
network_052,21,8;9,2,6
network_052,22,9;10,2,5
network_052,23,10;11,2,5
network_052,24,0;1;2,3,14
network_052,25,2;3;4,3,20
network_052,26,2;4;5,3,21
network_052,27,2;9;10,3,13
network_052,28,3;4;7,3,16
network_052,29,4;5;6,3,16
network_052,30,4;6;7,3,17
network_052,31,4;7;8,3,16
network_053,0,0;1,2,26
network_053,1,0;2,2,16
network_053,2,0;3,2,21
network_053,3,0;7,2,22
network_053,4,0;10,2,17
network_053,5,0;11,2,16
network_053,6,1;2,2,21
network_053,7,1;3,2,25
network_053,8,1;4,2,22
network_053,9,1;6,2,20
network_053,10,1;7,2,25
network_053,11,1;10,2,22
network_053,12,1;11,2,21
network_053,13,2;3,2,14
network_053,14,3;4,2,15
network_053,15,3;7,2,19
network_053,16,4;5,2,7
network_053,17,4;7,2,15
network_053,18,5;6,2,4
network_053,19,6;7,2,13
network_053,20,7;8,2,12
network_053,21,8;9,2,2
network_053,22,9;10,2,7
network_053,23,10;11,2,9
network_053,24,0;1;2,3,27
network_053,25,0;1;3,3,30
network_053,26,0;1;7,3,31
network_053,27,0;1;10,3,28
network_053,28,0;1;11,3,27
network_053,29,0;2;3,3,22
network_053,30,0;3;7,3,27
network_053,31,0;10;11,3,18
network_053,32,1;2;3,3,26
network_053,33,1;3;4,3,27
network_053,34,1;3;7,3,29
network_053,35,1;4;7,3,27
network_053,36,1;6;7,3,26
network_053,37,1;10;11,3,23
network_053,38,3;4;7,3,21
network_054,0,0;1,2,12
network_054,1,0;2,2,13
network_054,2,0;3,2,13
network_054,3,0;10,2,15
network_054,4,0;11,2,16
network_054,5,1;2,2,10
network_054,6,1;3,2,9
network_054,7,2;3,2,11
network_054,8,2;11,2,15
network_054,9,3;4,2,11
network_054,10,4;5,2,6
network_054,11,4;6,2,7
network_054,12,4;7,2,7
network_054,13,5;6,2,5
network_054,14,6;7,2,6
network_054,15,7;8,2,9
network_054,16,8;9,2,9
network_054,17,8;10,2,11
network_054,18,8;11,2,13
network_054,19,9;10,2,10
network_054,20,9;11,2,12
network_054,21,10;11,2,13
network_054,22,0;1;2,3,14
network_054,23,0;1;3,3,14
network_054,24,0;2;3,3,15
network_054,25,0;2;11,3,19
network_054,26,0;10;11,3,19
network_054,27,1;2;3,3,12
network_054,28,4;5;6,3,7
network_054,29,4;6;7,3,8
network_054,30,8;9;10,3,12
network_054,31,8;9;11,3,14
network_054,32,8;10;11,3,15
network_054,33,9;10;11,3,14
network_055,0,0;1,2,11
network_055,1,0;5,2,11
network_055,2,0;6,2,13
network_055,3,0;7,2,14
network_055,4,0;11,2,10
network_055,5,1;2,2,6
network_055,6,1;3,2,11
network_055,7,1;6,2,13
network_055,8,2;3,2,8
network_055,9,3;4,2,9
network_055,10,3;8,2,11
network_055,11,3;9,2,18
network_055,12,4;5,2,8
network_055,13,4;8,2,8
network_055,14,5;6,2,12
network_055,15,5;9,2,16
network_055,16,6;7,2,15
network_055,17,6;9,2,19
network_055,18,7;8,2,13
network_055,19,7;9,2,17
network_055,20,7;10,2,11
network_055,21,8;9,2,16
network_055,22,9;10,2,14
network_055,23,9;11,2,14
network_055,24,10;11,2,6
network_055,25,0;1;6,3,16
network_055,26,0;5;6,3,15
network_055,27,0;6;7,3,18
network_055,28,1;2;3,3,11
network_055,29,3;4;8,3,12
network_055,30,3;8;9,3,20
network_055,31,5;6;9,3,21
network_055,32,6;7;9,3,22
network_055,33,7;8;9,3,20
network_055,34,7;9;10,3,18
network_055,35,9;10;11,3,15
network_056,0,0;1,2,26
network_056,1,0;2,2,23
network_056,2,0;3,2,26
network_056,3,0;7,2,18
network_056,4,0;8,2,18
network_056,5,0;9,2,24
network_056,6,0;11,2,23
network_056,7,1;2,2,20
network_056,8,1;3,2,23
network_056,9,1;4,2,15
network_056,10,1;5,2,16
network_056,11,1;9,2,23
network_056,12,2;3,2,21
network_056,13,2;5,2,14
network_056,14,2;11,2,18
network_056,15,3;4,2,17
network_056,16,3;9,2,23
network_056,17,3;11,2,21
network_056,18,4;5,2,8
network_056,19,5;6,2,6
network_056,20,6;7,2,4
network_056,21,7;8,2,6
network_056,22,8;9,2,15
network_056,23,9;10,2,13
network_056,24,9;11,2,19
network_056,25,10;11,2,11
network_056,26,0;1;2,3,30
network_056,27,0;1;3,3,32
network_056,28,0;1;9,3,32
network_056,29,0;2;3,3,30
network_056,30,0;2;11,3,28
network_056,31,0;3;9,3,31
network_056,32,0;3;11,3,30
network_056,33,0;7;8,3,19
network_056,34,0;8;9,3,25
network_056,35,0;9;11,3,28
network_056,36,1;2;3,3,27
network_056,37,1;2;5,3,22
network_056,38,1;3;4,3,24
network_056,39,1;3;9,3,30
network_056,40,1;4;5,3,17
network_056,41,2;3;11,3,26
network_056,42,3;9;11,3,27
network_056,43,9;10;11,3,19
network_057,0,0;1,2,4
network_057,1,0;3,2,4
network_057,2,0;11,2,7
network_057,3,1;2,2,3
network_057,4,1;9,2,7
network_057,5,2;3,2,3
network_057,6,3;4,2,5
network_057,7,4;5,2,6
network_057,8,4;6,2,6
network_057,9,5;6,2,6
network_057,10,5;7,2,6
network_057,11,6;7,2,6
network_057,12,7;8,2,6
network_057,13,8;9,2,7
network_057,14,8;11,2,7
network_057,15,9;10,2,6
network_057,16,9;11,2,8
network_057,17,10;11,2,6
network_057,18,4;5;6,3,7
network_057,19,5;6;7,3,7
network_057,20,8;9;11,3,9
network_057,21,9;10;11,3,8
network_058,0,0;1,2,8
network_058,1,0;2,2,9
network_058,2,0;9,2,8
network_058,3,0;11,2,10
network_058,4,1;2,2,9
network_058,5,1;4,2,7
network_058,6,1;8,2,7
network_058,7,2;3,2,9
network_058,8,2;11,2,10
network_058,9,3;4,2,7
network_058,10,3;8,2,7
network_058,11,3;11,2,9
network_058,12,4;5,2,5
network_058,13,4;9,2,6
network_058,14,5;6,2,3
network_058,15,5;11,2,8
network_058,16,6;7,2,3
network_058,17,7;8,2,5
network_058,18,7;10,2,4
network_058,19,8;9,2,6
network_058,20,9;10,2,5
network_058,21,10;11,2,8
network_058,22,0;1;2,3,11
network_058,23,0;2;11,3,12
network_058,24,2;3;11,3,12
network_059,0,0;1,2,15
network_059,1,0;2,2,15
network_059,2,0;6,2,11
network_059,3,0;11,2,14
network_059,4,1;2,2,17
network_059,5,1;3,2,17
network_059,6,1;7,2,12
network_059,7,1;9,2,16
network_059,8,1;11,2,18
network_059,9,2;3,2,17
network_059,10,2;4,2,14
network_059,11,2;8,2,12
network_059,12,2;11,2,18
network_059,13,3;4,2,12
network_059,14,3;9,2,13
network_059,15,3;10,2,11
network_059,16,4;5,2,8
network_059,17,4;9,2,11
network_059,18,5;6,2,7
network_059,19,5;11,2,12
network_059,20,6;7,2,7
network_059,21,6;11,2,13
network_059,22,7;8,2,4
network_059,23,8;9,2,9
network_059,24,9;10,2,9
network_059,25,10;11,2,13
network_059,26,0;1;2,3,20
network_059,27,0;1;11,3,20
network_059,28,0;2;11,3,20
network_059,29,0;6;11,3,16
network_059,30,1;2;3,3,22
network_059,31,1;2;11,3,23
network_059,32,1;3;9,3,20
network_059,33,2;3;4,3,19
network_059,34,3;4;9,3,15
network_059,35,3;9;10,3,14
network_059,36,5;6;11,3,14
network_060,0,0;1,2,9
network_060,1,0;2,2,9
network_060,2,0;3,2,12
network_060,3,0;11,2,9
network_060,4,1;2,2,8
network_060,5,1;3,2,11
network_060,6,2;3,2,11
network_060,7,3;4,2,14
network_060,8,3;6,2,14
network_060,9,4;5,2,10
network_060,10,4;6,2,11
network_060,11,4;7,2,11
network_060,12,5;6,2,10
network_060,13,5;7,2,9
network_060,14,6;7,2,11
network_060,15,7;8,2,11
network_060,16,8;9,2,6
network_060,17,8;10,2,7
network_060,18,8;11,2,7
network_060,19,9;10,2,5
network_060,20,10;11,2,6
network_060,21,0;1;2,3,10
network_060,22,0;1;3,3,13
network_060,23,0;2;3,3,13
network_060,24,1;2;3,3,12
network_060,25,3;4;6,3,17
network_060,26,4;5;6,3,12
network_060,27,4;5;7,3,12
network_060,28,4;6;7,3,13
network_060,29,5;6;7,3,12
network_060,30,8;9;10,3,7
network_060,31,8;10;11,3,8
network_061,0,0;1,2,5
network_061,1,0;11,2,9
network_061,2,1;2,2,6
network_061,3,1;8,2,12
network_061,4,1;11,2,11
network_061,5,2;3,2,9
network_061,6,2;10,2,10
network_061,7,3;4,2,11
network_061,8,3;8,2,14
network_061,9,3;9,2,17
network_061,10,3;11,2,14
network_061,11,4;5,2,7
network_061,12,4;7,2,12
network_061,13,4;9,2,16
network_061,14,5;6,2,3
network_061,15,5;11,2,10
network_061,16,6;7,2,9
network_061,17,7;8,2,14
network_061,18,7;9,2,18
network_061,19,7;10,2,14
network_061,20,8;9,2,18
network_061,21,8;10,2,14
network_061,22,9;10,2,18
network_061,23,9;11,2,19
network_061,24,10;11,2,15
network_061,25,0;1;11,3,11
network_061,26,3;4;9,3,19
network_061,27,3;8;9,3,21
network_061,28,3;9;11,3,22
network_061,29,4;7;9,3,20
network_061,30,7;8;9,3,21
network_061,31,7;8;10,3,18
network_061,32,7;9;10,3,21
network_061,33,8;9;10,3,21
network_061,34,9;10;11,3,23
network_062,0,0;1,2,18
network_062,1,0;2,2,17
network_062,2,0;5,2,15
network_062,3,0;6,2,12
network_062,4,0;8,2,14
network_062,5,0;11,2,12
network_062,6,1;2,2,17
network_062,7,1;3,2,14
network_062,8,1;7,2,13
network_062,9,1;8,2,13
network_062,10,1;10,2,13
network_062,11,2;3,2,13
network_062,12,2;4,2,12
network_062,13,2;5,2,15
network_062,14,3;4,2,10
network_062,15,3;7,2,10
network_062,16,4;5,2,12
network_062,17,4;10,2,8
network_062,18,5;6,2,10
network_062,19,5;11,2,10
network_062,20,6;7,2,8
network_062,21,7;8,2,9
network_062,22,8;9,2,6
network_062,23,9;10,2,4
network_062,24,10;11,2,6
network_062,25,0;1;2,3,23
network_062,26,0;1;8,3,20
network_062,27,0;2;5,3,20
network_062,28,0;5;6,3,16
network_062,29,0;5;11,3,16
network_062,30,1;2;3,3,19
network_062,31,1;3;7,3,16
network_062,32,1;7;8,3,15
network_062,33,2;3;4,3,15
network_062,34,2;4;5,3,17
network_063,0,0;1,2,6
network_063,1,0;3,2,7
network_063,2,0;11,2,6
network_063,3,1;2,2,5
network_063,4,1;3,2,7
network_063,5,2;3,2,6
network_063,6,3;4,2,8
network_063,7,4;5,2,6
network_063,8,4;7,2,7
network_063,9,5;6,2,5
network_063,10,5;7,2,7
network_063,11,6;7,2,6
network_063,12,7;8,2,10
network_063,13,8;9,2,6
network_063,14,8;10,2,7
network_063,15,8;11,2,7
network_063,16,9;10,2,5
network_063,17,10;11,2,6
network_063,18,0;1;3,3,8
network_063,19,1;2;3,3,7
network_063,20,4;5;7,3,8
network_063,21,5;6;7,3,7
network_063,22,8;9;10,3,7
network_063,23,8;10;11,3,8
network_064,0,0;1,2,5
network_064,1,0;11,2,4
network_064,2,1;2,2,7
network_064,3,1;8,2,10
network_064,4,1;9,2,9
network_064,5,2;3,2,5
network_064,6,2;10,2,10
network_064,7,3;4,2,5
network_064,8,3;10,2,10
network_064,9,4;5,2,6
network_064,10,4;8,2,9
network_064,11,5;6,2,7
network_064,12,5;10,2,11
network_064,13,5;11,2,6
network_064,14,6;7,2,8
network_064,15,6;8,2,9
network_064,16,7;8,2,11
network_064,17,7;9,2,10
network_064,18,7;10,2,13
network_064,19,8;9,2,11
network_064,20,9;10,2,13
network_064,21,10;11,2,10
network_064,22,1;8;9,3,13
network_064,23,2;3;10,3,11
network_064,24,5;10;11,3,12
network_064,25,6;7;8,3,12
network_064,26,7;8;9,3,13
network_064,27,7;9;10,3,16
network_065,0,0;1,2,18
network_065,1,0;2,2,10
network_065,2,0;3,2,14
network_065,3,0;11,2,16
network_065,4,1;2,2,17
network_065,5,1;3,2,20
network_065,6,1;5,2,17
network_065,7,1;6,2,17
network_065,8,1;10,2,19
network_065,9,1;11,2,21
network_065,10,2;3,2,12
network_065,11,3;4,2,10
network_065,12,3;6,2,13
network_065,13,3;8,2,11
network_065,14,4;5,2,6
network_065,15,5;6,2,9
network_065,16,5;11,2,14
network_065,17,6;7,2,9
network_065,18,7;8,2,6
network_065,19,7;10,2,9
network_065,20,7;11,2,13
network_065,21,8;9,2,5
network_065,22,9;10,2,8
network_065,23,9;11,2,12
network_065,24,10;11,2,13
network_065,25,0;1;2,3,19
network_065,26,0;1;3,3,22
network_065,27,0;1;11,3,24
network_065,28,0;2;3,3,15
network_065,29,1;2;3,3,21
network_065,30,1;3;6,3,22
network_065,31,1;5;6,3,19
network_065,32,1;5;11,3,23
network_065,33,1;10;11,3,23
network_065,34,7;10;11,3,15
network_065,35,9;10;11,3,14
network_066,0,0;1,2,7
network_066,1,0;2,2,9
network_066,2,0;4,2,14
network_066,3,0;7,2,15
network_066,4,0;11,2,12
network_066,5,1;2,2,5
network_066,6,2;3,2,7
network_066,7,2;6,2,10
network_066,8,3;4,2,11
network_066,9,3;7,2,12
network_066,10,4;5,2,12
network_066,11,4;6,2,13
network_066,12,4;7,2,15
network_066,13,5;6,2,9
network_066,14,5;7,2,13
network_066,15,6;7,2,14
network_066,16,7;8,2,16
network_066,17,8;9,2,9
network_066,18,8;10,2,9
network_066,19,8;11,2,10
network_066,20,9;10,2,8
network_066,21,9;11,2,9
network_066,22,10;11,2,9
network_066,23,0;1;2,3,9
network_066,24,0;4;7,3,19
network_066,25,3;4;7,3,16
network_066,26,4;5;6,3,14
network_066,27,4;5;7,3,16
network_066,28,4;6;7,3,17
network_066,29,5;6;7,3,15
network_066,30,8;9;10,3,10
network_066,31,8;9;11,3,11
network_066,32,8;10;11,3,11
network_066,33,9;10;11,3,10
network_067,0,0;1,2,7
network_067,1,0;8,2,11
network_067,2,0;10,2,8
network_067,3,0;11,2,7
network_067,4,1;2,2,7
network_067,5,1;7,2,4
network_067,6,2;3,2,6
network_067,7,2;5,2,9
network_067,8,2;6,2,7
network_067,9,2;10,2,9
network_067,10,3;4,2,4
network_067,11,4;5,2,7
network_067,12,4;8,2,9
network_067,13,5;6,2,7
network_067,14,5;8,2,11
network_067,15,6;7,2,5
network_067,16,7;8,2,9
network_067,17,8;9,2,8
network_067,18,8;11,2,10
network_067,19,9;10,2,5
network_067,20,10;11,2,7
network_067,21,0;8;11,3,12
network_067,22,0;10;11,3,9
network_067,23,2;5;6,3,10
network_067,24,4;5;8,3,12
network_068,0,0;1,2,10
network_068,1,0;3,2,14
network_068,2,0;4,2,13
network_068,3,0;7,2,9
network_068,4,0;11,2,9
network_068,5,1;2,2,10
network_068,6,1;3,2,13
network_068,7,1;9,2,11
network_068,8,2;3,2,14
network_068,9,2;4,2,13
network_068,10,2;7,2,9
network_068,11,2;10,2,11
network_068,12,3;4,2,15
network_068,13,3;6,2,14
network_068,14,3;8,2,12
network_068,15,4;5,2,12
network_068,16,4;6,2,11
network_068,17,5;6,2,9
network_068,18,5;9,2,10
network_068,19,5;10,2,9
network_068,20,6;7,2,8
network_068,21,7;8,2,5
network_068,22,8;9,2,8
network_068,23,9;10,2,9
network_068,24,9;11,2,8
network_068,25,10;11,2,7
network_068,26,0;1;3,3,16
network_068,27,0;3;4,3,18
network_068,28,1;2;3,3,16
network_068,29,2;3;4,3,18
network_068,30,3;4;6,3,17
network_068,31,4;5;6,3,14
network_068,32,5;9;10,3,12
network_068,33,9;10;11,3,10
network_069,0,0;1,2,11
network_069,1,0;2,2,11
network_069,2,0;3,2,11
network_069,3,0;9,2,11
network_069,4,0;11,2,9
network_069,5,1;2,2,10
network_069,6,1;3,2,10
network_069,7,1;6,2,10
network_069,8,2;3,2,10
network_069,9,2;10,2,8
network_069,10,3;4,2,11
network_069,11,4;5,2,6
network_069,12,4;6,2,8
network_069,13,4;8,2,8
network_069,14,4;11,2,7
network_069,15,5;6,2,5
network_069,16,6;7,2,7
network_069,17,7;8,2,5
network_069,18,7;9,2,6
network_069,19,8;9,2,6
network_069,20,9;10,2,6
network_069,21,10;11,2,4
network_069,22,0;1;2,3,13
network_069,23,0;1;3,3,13
network_069,24,0;2;3,3,13
network_069,25,1;2;3,3,12
network_069,26,4;5;6,3,8
network_069,27,7;8;9,3,7
network_070,0,0;1,2,6
network_070,1,0;3,2,9
network_070,2,0;6,2,8
network_070,3,0;11,2,9
network_070,4,1;2,2,4
network_070,5,1;8,2,7
network_070,6,2;3,2,8
network_070,7,2;9,2,7
network_070,8,3;4,2,11
network_070,9,3;8,2,10
network_070,10,3;11,2,11
network_070,11,4;5,2,8
network_070,12,4;6,2,9
network_070,13,4;8,2,10
network_070,14,4;10,2,9
network_070,15,5;6,2,6
network_070,16,5;9,2,8
network_070,17,6;7,2,6
network_070,18,7;8,2,7
network_070,19,7;11,2,8
network_070,20,8;9,2,10
network_070,21,9;10,2,7
network_070,22,9;11,2,10
network_070,23,10;11,2,8
network_070,24,0;3;11,3,13
network_070,25,3;4;8,3,14
network_070,26,4;5;6,3,10
network_070,27,9;10;11,3,11
network_071,0,0;1,2,13
network_071,1,0;2,2,8
network_071,2,0;11,2,4
network_071,3,1;2,2,15
network_071,4,1;3,2,13
network_071,5,1;4,2,13
network_071,6,1;5,2,13
network_071,7,1;6,2,13
network_071,8,1;8,2,13
network_071,9,2;3,2,9
network_071,10,2;7,2,9
network_071,11,2;9,2,8
network_071,12,3;4,2,7
network_071,13,4;5,2,7
network_071,14,5;6,2,6
network_071,15,6;7,2,6
network_071,16,7;8,2,5
network_071,17,7;10,2,5
network_071,18,8;9,2,4
network_071,19,9;10,2,4
network_071,20,10;11,2,3
network_071,21,0;1;2,3,16
network_071,22,1;2;3,3,16
network_071,23,1;3;4,3,14
network_071,24,1;4;5,3,14
network_071,25,1;5;6,3,14
network_072,0,0;1,2,10
network_072,1,0;3,2,12
network_072,2,0;4,2,11
network_072,3,0;6,2,15
network_072,4,0;11,2,8
network_072,5,1;2,2,6
network_072,6,1;3,2,9
network_072,7,2;3,2,9
network_072,8,2;10,2,9
network_072,9,3;4,2,12
network_072,10,3;7,2,11
network_072,11,4;5,2,9
network_072,12,4;6,2,13
network_072,13,5;6,2,11
network_072,14,5;7,2,7
network_072,15,6;7,2,12
network_072,16,6;9,2,12
network_072,17,6;10,2,14
network_072,18,7;8,2,7
network_072,19,8;9,2,6
network_072,20,8;10,2,8
network_072,21,9;10,2,8
network_072,22,10;11,2,7
network_072,23,0;1;3,3,13
network_072,24,0;3;4,3,15
network_072,25,0;4;6,3,17
network_072,26,1;2;3,3,10
network_072,27,4;5;6,3,14
network_072,28,5;6;7,3,13
network_072,29,6;9;10,3,15
network_072,30,8;9;10,3,9
network_073,0,0;1,2,11
network_073,1,0;2,2,9
network_073,2,0;6,2,11
network_073,3,0;7,2,12
network_073,4,0;11,2,10
network_073,5,1;2,2,8
network_073,6,1;7,2,11
network_073,7,1;8,2,8
network_073,8,2;3,2,5
network_073,9,3;4,2,5
network_073,10,3;7,2,9
network_073,11,4;5,2,4
network_073,12,4;6,2,7
network_073,13,5;6,2,6
network_073,14,6;7,2,11
network_073,15,7;8,2,9
network_073,16,8;9,2,6
network_073,17,9;10,2,4
network_073,18,9;11,2,5
network_073,19,10;11,2,4
network_073,20,0;1;2,3,12
network_073,21,0;1;7,3,14
network_073,22,0;6;7,3,15
network_073,23,1;7;8,3,12
network_073,24,4;5;6,3,7
network_073,25,9;10;11,3,5
network_074,0,0;1,2,17
network_074,1,0;2,2,13
network_074,2,0;3,2,11
network_074,3,0;5,2,11
network_074,4,0;8,2,11
network_074,5,0;11,2,14
network_074,6,1;2,2,15
network_074,7,1;4,2,12
network_074,8,1;9,2,12
network_074,9,1;10,2,12
network_074,10,1;11,2,14
network_074,11,2;3,2,9
network_074,12,2;11,2,12
network_074,13,3;4,2,5
network_074,14,4;5,2,4
network_074,15,5;6,2,3
network_074,16,6;7,2,2
network_074,17,7;8,2,3
network_074,18,8;9,2,5
network_074,19,9;10,2,6
network_074,20,10;11,2,10
network_074,21,0;1;2,3,19
network_074,22,0;1;11,3,19
network_074,23,0;2;3,3,14
network_074,24,0;2;11,3,16
network_074,25,1;2;11,3,17
network_074,26,1;9;10,3,13
network_074,27,1;10;11,3,15
network_075,0,0;1,2,9
network_075,1,0;2,2,10
network_075,2,0;3,2,10
network_075,3,0;11,2,9
network_075,4,1;2,2,9
network_075,5,1;3,2,9
network_075,6,2;3,2,10
network_075,7,2;8,2,10
network_075,8,3;4,2,8
network_075,9,4;5,2,3
network_075,10,4;7,2,4
network_075,11,5;6,2,2
network_075,12,6;7,2,3
network_075,13,7;8,2,6
network_075,14,8;9,2,7
network_075,15,8;10,2,7
network_075,16,9;10,2,6
network_075,17,9;11,2,6
network_075,18,10;11,2,6
network_075,19,0;1;2,3,11
network_075,20,0;1;3,3,11
network_075,21,0;2;3,3,12
network_075,22,1;2;3,3,11
network_075,23,8;9;10,3,8
network_075,24,9;10;11,3,7
network_076,0,0;1,2,11
network_076,1,0;6,2,7
network_076,2,0;8,2,9
network_076,3,0;11,2,12
network_076,4,1;2,2,11
network_076,5,1;3,2,11
network_076,6,1;8,2,12
network_076,7,1;11,2,14
network_076,8,2;3,2,8
network_076,9,2;5,2,8
network_076,10,2;11,2,12
network_076,11,3;4,2,6
network_076,12,3;10,2,7
network_076,13,4;5,2,5
network_076,14,4;9,2,6
network_076,15,5;6,2,5
network_076,16,5;8,2,8
network_076,17,6;7,2,4
network_076,18,7;8,2,7
network_076,19,7;11,2,10
network_076,20,8;9,2,9
network_076,21,9;10,2,6
network_076,22,9;11,2,11
network_076,23,10;11,2,10
network_076,24,0;1;8,3,14
network_076,25,0;1;11,3,16
network_076,26,1;2;3,3,13
network_076,27,1;2;11,3,16
network_076,28,9;10;11,3,12
network_077,0,0;1,2,16
network_077,1,0;2,2,14
network_077,2,0;3,2,17
network_077,3,0;8,2,13
network_077,4,0;11,2,12
network_077,5,1;2,2,16
network_077,6,1;3,2,17
network_077,7,1;10,2,16
network_077,8,1;11,2,12
network_077,9,2;3,2,16
network_077,10,2;6,2,10
network_077,11,2;8,2,12
network_077,12,3;4,2,11
network_077,13,3;9,2,15
network_077,14,3;10,2,16
network_077,15,4;5,2,2
network_077,16,5;6,2,3
network_077,17,6;7,2,7
network_077,18,7;8,2,9
network_077,19,7;9,2,9
network_077,20,7;10,2,12
network_077,21,8;9,2,10
network_077,22,9;10,2,12
network_077,23,10;11,2,11
network_077,24,0;1;2,3,19
network_077,25,0;1;3,3,21
network_077,26,0;1;11,3,17
network_077,27,0;2;3,3,20
network_077,28,0;2;8,3,17
network_077,29,1;2;3,3,21
network_077,30,1;3;10,3,21
network_077,31,1;10;11,3,17
network_077,32,3;9;10,3,19
network_077,33,7;8;9,3,12
network_077,34,7;9;10,3,14
network_078,0,0;1,2,6
network_078,1,0;3,2,8
network_078,2,0;11,2,5
network_078,3,1;2,2,7
network_078,4,1;3,2,8
network_078,5,2;3,2,8
network_078,6,2;4,2,11
network_078,7,3;4,2,13
network_078,8,4;5,2,11
network_078,9,4;6,2,11
network_078,10,4;7,2,12
network_078,11,5;6,2,8
network_078,12,5;7,2,9
network_078,13,6;7,2,9
network_078,14,7;8,2,8
network_078,15,8;9,2,3
network_078,16,8;11,2,4
network_078,17,9;10,2,2
network_078,18,10;11,2,3
network_078,19,0;1;3,3,9
network_078,20,1;2;3,3,9
network_078,21,2;3;4,3,14
network_078,22,4;5;6,3,12
network_078,23,4;5;7,3,13
network_078,24,4;6;7,3,13
network_078,25,5;6;7,3,10
network_079,0,0;1,2,4
network_079,1,0;5,2,4
network_079,2,0;11,2,4
network_079,3,1;2,2,5
network_079,4,1;7,2,4
network_079,5,2;3,2,7
network_079,6,2;4,2,6
network_079,7,3;4,2,8
network_079,8,3;6,2,8
network_079,9,3;10,2,8
network_079,10,4;5,2,6
network_079,11,4;11,2,6
network_079,12,5;6,2,6
network_079,13,6;7,2,6
network_079,14,6;10,2,7
network_079,15,7;8,2,3
network_079,16,8;9,2,2
network_079,17,9;10,2,5
network_079,18,10;11,2,6
network_079,19,2;3;4,3,9
network_079,20,3;6;10,3,10
network_080,0,0;1,2,15
network_080,1,0;2,2,14
network_080,2,0;3,2,18
network_080,3,0;8,2,11
network_080,4,0;10,2,11
network_080,5,0;11,2,10
network_080,6,1;2,2,13
network_080,7,1;3,2,16
network_080,8,1;7,2,11
network_080,9,1;9,2,10
network_080,10,2;3,2,15
network_080,11,2;4,2,10
network_080,12,3;4,2,13
network_080,13,3;5,2,13
network_080,14,3;7,2,14
network_080,15,4;5,2,6
network_080,16,5;6,2,4
network_080,17,6;7,2,5
network_080,18,7;8,2,6
network_080,19,8;9,2,4
network_080,20,9;10,2,5
network_080,21,10;11,2,4
network_080,22,0;1;2,3,18
network_080,23,0;1;3,3,21
network_080,24,0;2;3,3,20
network_080,25,0;10;11,3,11
network_080,26,1;2;3,3,18
network_080,27,1;3;7,3,18
network_080,28,2;3;4,3,16
network_080,29,3;4;5,3,14
network_081,0,0;1,2,4
network_081,1,0;3,2,4
network_081,2,0;11,2,4
network_081,3,1;2,2,4
network_081,4,1;10,2,5
network_081,5,2;3,2,4
network_081,6,2;6,2,6
network_081,7,3;4,2,5
network_081,8,4;5,2,5
network_081,9,4;6,2,6
network_081,10,5;6,2,6
network_081,11,5;10,2,6
network_081,12,6;7,2,5
network_081,13,7;8,2,3
network_081,14,8;9,2,3
network_081,15,8;11,2,4
network_081,16,9;10,2,4
network_081,17,10;11,2,5
network_081,18,4;5;6,3,7
network_082,0,0;1,2,16
network_082,1,0;4,2,18
network_082,2,0;5,2,17
network_082,3,0;6,2,21
network_082,4,0;9,2,18
network_082,5,0;10,2,20
network_082,6,0;11,2,16
network_082,7,1;2,2,4
network_082,8,1;4,2,8
network_082,9,2;3,2,3
network_082,10,3;4,2,8
network_082,11,3;6,2,12
network_082,12,4;5,2,11
network_082,13,4;7,2,10
network_082,14,5;6,2,15
network_082,15,5;11,2,9
network_082,16,6;7,2,13
network_082,17,6;9,2,14
network_082,18,6;10,2,16
network_082,19,7;8,2,5
network_082,20,7;10,2,12
network_082,21,8;9,2,7
network_082,22,9;10,2,13
network_082,23,10;11,2,12
network_082,24,0;1;4,3,19
network_082,25,0;4;5,3,20
network_082,26,0;5;6,3,23
network_082,27,0;5;11,3,18
network_082,28,0;6;9,3,23
network_082,29,0;6;10,3,24
network_082,30,0;9;10,3,22
network_082,31,0;10;11,3,21
network_082,32,6;7;10,3,18
network_082,33,6;9;10,3,18
network_083,0,0;1,2,11
network_083,1,0;2,2,13
network_083,2,0;4,2,12
network_083,3,0;11,2,8
network_083,4,1;2,2,13
network_083,5,1;3,2,9
network_083,6,1;4,2,13
network_083,7,2;3,2,11
network_083,8,2;5,2,10
network_083,9,2;6,2,10
network_083,10,2;10,2,14
network_083,11,3;4,2,11
network_083,12,4;5,2,11
network_083,13,4;7,2,12
network_083,14,4;11,2,10
network_083,15,5;6,2,5
network_083,16,6;7,2,7
network_083,17,7;8,2,7
network_083,18,7;10,2,9
network_083,19,8;9,2,5
network_083,20,8;10,2,8
network_083,21,9;10,2,7
network_083,22,10;11,2,9
network_083,23,0;1;2,3,16
network_083,24,0;1;4,3,15
network_083,25,0;4;11,3,13
network_083,26,1;2;3,3,14
network_083,27,1;3;4,3,14
network_083,28,2;5;6,3,11
network_083,29,7;8;10,3,10
network_083,30,8;9;10,3,8
network_084,0,0;1,2,9
network_084,1,0;2,2,10
network_084,2,0;3,2,10
network_084,3,0;11,2,12
network_084,4,1;2,2,9
network_084,5,1;3,2,9
network_084,6,2;3,2,10
network_084,7,2;5,2,11
network_084,8,3;4,2,9
network_084,9,4;5,2,7
network_084,10,4;7,2,7
network_084,11,5;6,2,7
network_084,12,5;7,2,8
network_084,13,6;7,2,7
network_084,14,6;9,2,9
network_084,15,7;8,2,11
network_084,16,8;9,2,10
network_084,17,8;10,2,9
network_084,18,8;11,2,10
network_084,19,9;10,2,9
network_084,20,9;11,2,10
network_084,21,10;11,2,9
network_084,22,0;1;2,3,11
network_084,23,0;1;3,3,11
network_084,24,0;2;3,3,12
network_084,25,1;2;3,3,11
network_084,26,4;5;7,3,9
network_084,27,5;6;7,3,9
network_084,28,8;9;10,3,11
network_084,29,8;9;11,3,12
network_084,30,8;10;11,3,11
network_084,31,9;10;11,3,11
network_085,0,0;1,2,11
network_085,1,0;4,2,13
network_085,2,0;6,2,11
network_085,3,0;7,2,9
network_085,4,0;11,2,8
network_085,5,1;2,2,7
network_085,6,1;4,2,12
network_085,7,1;6,2,11
network_085,8,1;9,2,10
network_085,9,2;3,2,6
network_085,10,3;4,2,11
network_085,11,3;9,2,8
network_085,12,3;10,2,9
network_085,13,4;5,2,8
network_085,14,4;8,2,9
network_085,15,4;10,2,12
network_085,16,5;6,2,7
network_085,17,6;7,2,8
network_085,18,6;10,2,12
network_085,19,7;8,2,5
network_085,20,8;9,2,6
network_085,21,9;10,2,9
network_085,22,10;11,2,7
network_085,23,0;1;4,3,16
network_085,24,0;1;6,3,14
network_085,25,0;6;7,3,12
network_085,26,3;4;10,3,14
network_085,27,3;9;10,3,11
network_086,0,0;1,2,10
network_086,1,0;2,2,14
network_086,2,0;3,2,13
network_086,3,0;11,2,11
network_086,4,1;2,2,13
network_086,5,1;11,2,9
network_086,6,2;3,2,15
network_086,7,2;4,2,13
network_086,8,2;6,2,12
network_086,9,2;11,2,14
network_086,10,3;4,2,10
network_086,11,3;8,2,12
network_086,12,3;10,2,11
network_086,13,4;5,2,5
network_086,14,4;7,2,8
network_086,15,5;6,2,3
network_086,16,6;7,2,6
network_086,17,7;8,2,9
network_086,18,7;9,2,7
network_086,19,8;9,2,8
network_086,20,8;10,2,9
network_086,21,9;10,2,8
network_086,22,10;11,2,11
network_086,23,0;1;2,3,15
network_086,24,0;1;11,3,12
network_086,25,0;2;3,3,18
network_086,26,0;2;11,3,16
network_086,27,1;2;11,3,15
network_086,28,2;3;4,3,17
network_086,29,3;8;10,3,14
network_086,30,7;8;9,3,10
network_086,31,8;9;10,3,10
network_087,0,0;1,2,11
network_087,1,0;2,2,11
network_087,2,0;3,2,11
network_087,3,0;5,2,12
network_087,4,0;10,2,15
network_087,5,0;11,2,12
network_087,6,1;2,2,7
network_087,7,1;10,2,11
network_087,8,2;3,2,6
network_087,9,3;4,2,8
network_087,10,4;5,2,7
network_087,11,4;6,2,7
network_087,12,4;7,2,7
network_087,13,5;6,2,6
network_087,14,6;7,2,6
network_087,15,7;8,2,8
network_087,16,8;9,2,6
network_087,17,8;10,2,11
network_087,18,8;11,2,8
network_087,19,9;10,2,9
network_087,20,10;11,2,10
network_087,21,0;1;2,3,12
network_087,22,0;1;10,3,16
network_087,23,0;2;3,3,12
network_087,24,0;10;11,3,16
network_087,25,4;5;6,3,8
network_087,26,4;6;7,3,8
network_087,27,8;9;10,3,11
network_087,28,8;10;11,3,12
network_088,0,0;1,2,5
network_088,1,0;11,2,6
network_088,2,1;2,2,11
network_088,3,1;4,2,13
network_088,4,1;8,2,13
network_088,5,2;3,2,11
network_088,6,2;5,2,15
network_088,7,2;9,2,15
network_088,8,2;10,2,14
network_088,9,3;4,2,14
network_088,10,3;5,2,13
network_088,11,3;7,2,7
network_088,12,4;5,2,18
network_088,13,4;8,2,17
network_088,14,4;9,2,17
network_088,15,4;11,2,14
network_088,16,5;6,2,11
network_088,17,5;8,2,18
network_088,18,5;10,2,17
network_088,19,6;7,2,3
network_088,20,7;8,2,12
network_088,21,8;9,2,17
network_088,22,8;10,2,17
network_088,23,9;10,2,15
network_088,24,9;11,2,12
network_088,25,10;11,2,13
network_088,26,1;4;8,3,19
network_088,27,2;3;5,3,17
network_088,28,2;5;10,3,20
network_088,29,2;9;10,3,19
network_088,30,3;4;5,3,20
network_088,31,4;5;8,3,23
network_088,32,4;8;9,3,22
network_088,33,4;9;11,3,19
network_088,34,5;8;10,3,23
network_088,35,8;9;10,3,21
network_088,36,9;10;11,3,17
network_089,0,0;1,2,9
network_089,1,0;2,2,12
network_089,2,0;9,2,9
network_089,3,0;11,2,10
network_089,4,1;2,2,12
network_089,5,1;3,2,12
network_089,6,1;9,2,10
network_089,7,2;3,2,13
network_089,8,2;8,2,15
network_089,9,2;10,2,15
network_089,10,3;4,2,9
network_089,11,3;10,2,14
network_089,12,3;11,2,11
network_089,13,4;5,2,3
network_089,14,4;8,2,10
network_089,15,5;6,2,2
network_089,16,6;7,2,2
network_089,17,7;8,2,9
network_089,18,8;9,2,12
network_089,19,8;10,2,14
network_089,20,8;11,2,12
network_089,21,9;10,2,13
network_089,22,10;11,2,12
network_089,23,0;1;2,3,14
network_089,24,0;1;9,3,12
network_089,25,1;2;3,3,16
network_089,26,2;3;10,3,18
network_089,27,2;8;10,3,19
network_089,28,3;10;11,3,16
network_089,29,8;9;10,3,17
network_089,30,8;10;11,3,16
network_090,0,0;1,2,6
network_090,1,0;2,2,7
network_090,2,0;3,2,7
network_090,3,0;11,2,10
network_090,4,1;2,2,5
network_090,5,2;3,2,6
network_090,6,3;4,2,6
network_090,7,4;5,2,6
network_090,8,4;6,2,7
network_090,9,5;6,2,7
network_090,10,5;7,2,6
network_090,11,6;7,2,7
network_090,12,6;10,2,8
network_090,13,7;8,2,6
network_090,14,8;9,2,6
network_090,15,8;11,2,7
network_090,16,9;10,2,6
network_090,17,9;11,2,7
network_090,18,10;11,2,7
network_090,19,0;1;2,3,7
network_090,20,0;2;3,3,8
network_090,21,4;5;6,3,8
network_090,22,5;6;7,3,8
network_090,23,8;9;11,3,8
network_090,24,9;10;11,3,8
network_091,0,0;1,2,10
network_091,1,0;5,2,8
network_091,2,0;8,2,8
network_091,3,0;9,2,11
network_091,4,0;11,2,9
network_091,5,1;2,2,7
network_091,6,1;3,2,7
network_091,7,1;10,2,7
network_091,8,2;3,2,6
network_091,9,2;4,2,7
network_091,10,3;4,2,7
network_091,11,4;5,2,6
network_091,12,4;7,2,6
network_091,13,5;6,2,4
network_091,14,6;7,2,4
network_091,15,6;9,2,9
network_091,16,7;8,2,5
network_091,17,8;9,2,9
network_091,18,9;10,2,9
network_091,19,9;11,2,9
network_091,20,10;11,2,6
network_091,21,0;8;9,3,12
network_091,22,0;9;11,3,12
network_091,23,1;2;3,3,8
network_091,24,2;3;4,3,8
network_091,25,9;10;11,3,10
network_092,0,0;1,2,26
network_092,1,0;2,2,13
network_092,2,0;3,2,21
network_092,3,0;7,2,17
network_092,4,0;11,2,13
network_092,5,1;2,2,23
network_092,6,1;3,2,29
network_092,7,1;5,2,23
network_092,8,1;6,2,24
network_092,9,1;7,2,26
network_092,10,1;9,2,22
network_092,11,1;10,2,23
network_092,12,1;11,2,22
network_092,13,2;3,2,17
network_092,14,3;4,2,15
network_092,15,3;6,2,19
network_092,16,3;7,2,20
network_092,17,3;10,2,19
network_092,18,4;5,2,5
network_092,19,5;6,2,10
network_092,20,5;8,2,6
network_092,21,6;7,2,14
network_092,22,7;8,2,11
network_092,23,8;9,2,5
network_092,24,9;10,2,8
network_092,25,10;11,2,9
network_092,26,0;1;2,3,27
network_092,27,0;1;3,3,32
network_092,28,0;1;7,3,30
network_092,29,0;1;11,3,27
network_092,30,0;2;3,3,22
network_092,31,0;3;7,3,25
network_092,32,1;2;3,3,30
network_092,33,1;3;6,3,31
network_092,34,1;3;7,3,32
network_092,35,1;3;10,3,31
network_092,36,1;5;6,3,26
network_092,37,1;6;7,3,28
network_092,38,1;9;10,3,24
network_092,39,1;10;11,3,24
network_092,40,3;6;7,3,23
network_093,0,0;1,2,5
network_093,1,0;6,2,10
network_093,2,0;11,2,3
network_093,3,1;2,2,4
network_093,4,1;3,2,6
network_093,5,2;3,2,5
network_093,6,3;4,2,10
network_093,7,3;9,2,6
network_093,8,4;5,2,10
network_093,9,4;6,2,12
network_093,10,4;7,2,11
network_093,11,5;6,2,12
network_093,12,5;7,2,11
network_093,13,5;10,2,8
network_093,14,6;7,2,12
network_093,15,6;8,2,10
network_093,16,7;8,2,9
network_093,17,8;9,2,5
network_093,18,9;10,2,4
network_093,19,10;11,2,3
network_093,20,1;2;3,3,6
network_093,21,4;5;6,3,14
network_093,22,4;5;7,3,13
network_093,23,4;6;7,3,14
network_093,24,5;6;7,3,14
network_093,25,6;7;8,3,13
network_094,0,0;1,2,5
network_094,1,0;2,2,6
network_094,2,0;5,2,8
network_094,3,0;11,2,5
network_094,4,1;2,2,4
network_094,5,2;3,2,10
network_094,6,3;4,2,8
network_094,7,3;6,2,11
network_094,8,3;7,2,11
network_094,9,3;8,2,9
network_094,10,3;10,2,9
network_094,11,4;5,2,5
network_094,12,5;6,2,8
network_094,13,5;7,2,9
network_094,14,6;7,2,9
network_094,15,6;9,2,7
network_094,16,7;8,2,8
network_094,17,8;9,2,5
network_094,18,9;10,2,4
network_094,19,10;11,2,3
network_094,20,0;1;2,3,6
network_094,21,3;6;7,3,13
network_094,22,3;7;8,3,12
network_094,23,5;6;7,3,11
network_095,0,0;1,2,19
network_095,1,0;2,2,17
network_095,2,0;3,2,17
network_095,3,0;10,2,12
network_095,4,0;11,2,16
network_095,5,1;2,2,18
network_095,6,1;3,2,19
network_095,7,1;5,2,15
network_095,8,1;7,2,15
network_095,9,1;11,2,18
network_095,10,2;3,2,16
network_095,11,2;4,2,11
network_095,12,2;7,2,12
network_095,13,3;4,2,12
network_095,14,3;11,2,17
network_095,15,4;5,2,7
network_095,16,5;6,2,5
network_095,17,5;11,2,12
network_095,18,6;7,2,5
network_095,19,7;8,2,5
network_095,20,8;9,2,2
network_095,21,9;10,2,4
network_095,22,10;11,2,11
network_095,23,0;1;2,3,23
network_095,24,0;1;3,3,23
network_095,25,0;1;11,3,22
network_095,26,0;2;3,3,21
network_095,27,0;3;11,3,21
network_095,28,0;10;11,3,17
network_095,29,1;2;3,3,22
network_095,30,1;2;7,3,20
network_095,31,1;3;11,3,23
network_095,32,1;5;11,3,20
network_095,33,2;3;4,3,17
network_096,0,0;1,2,7
network_096,1,0;3,2,7
network_096,2,0;11,2,9
network_096,3,1;2,2,7
network_096,4,1;3,2,8
network_096,5,1;5,2,9
network_096,6,2;3,2,7
network_096,7,2;9,2,9
network_096,8,3;4,2,10
network_096,9,4;5,2,8
network_096,10,4;6,2,7
network_096,11,4;7,2,7
network_096,12,5;6,2,7
network_096,13,5;10,2,10
network_096,14,6;7,2,6
network_096,15,7;8,2,9
network_096,16,8;9,2,10
network_096,17,8;10,2,10
network_096,18,8;11,2,10
network_096,19,9;10,2,10
network_096,20,9;11,2,10
network_096,21,10;11,2,10
network_096,22,0;1;3,3,9
network_096,23,1;2;3,3,9
network_096,24,4;5;6,3,9
network_096,25,4;6;7,3,8
network_096,26,8;9;10,3,12
network_096,27,8;9;11,3,12
network_096,28,8;10;11,3,12
network_096,29,9;10;11,3,12
network_097,0,0;1,2,10
network_097,1,0;5,2,9
network_097,2,0;10,2,13
network_097,3,0;11,2,14
network_097,4,1;2,2,14
network_097,5,1;3,2,10
network_097,6,1;6,2,12
network_097,7,2;3,2,15
network_097,8,2;6,2,18
network_097,9,2;9,2,16
network_097,10,2;10,2,17
network_097,11,2;11,2,20
network_097,12,3;4,2,9
network_097,13,3;8,2,12
network_097,14,3;10,2,14
network_097,15,4;5,2,7
network_097,16,4;6,2,10
network_097,17,5;6,2,12
network_097,18,5;11,2,15
network_097,19,6;7,2,9
network_097,20,6;8,2,13
network_097,21,7;8,2,7
network_097,22,8;9,2,12
network_097,23,8;11,2,16
network_097,24,9;10,2,14
network_097,25,9;11,2,15
network_097,26,10;11,2,17
network_097,27,0;5;11,3,17
network_097,28,0;10;11,3,19
network_097,29,1;2;3,3,17
network_097,30,1;2;6,3,20
network_097,31,2;3;10,3,20
network_097,32,2;9;10,3,20
network_097,33,2;9;11,3,22
network_097,34,2;10;11,3,23
network_097,35,4;5;6,3,13
network_097,36,6;7;8,3,13
network_097,37,8;9;11,3,19
network_097,38,9;10;11,3,19
network_098,0,0;1,2,12
network_098,1,0;2,2,6
network_098,2,0;11,2,4
network_098,3,1;2,2,12
network_098,4,1;3,2,14
network_098,5,1;4,2,12
network_098,6,1;5,2,12
network_098,7,1;10,2,13
network_098,8,2;3,2,10
network_098,9,3;4,2,10
network_098,10,3;7,2,9
network_098,11,3;10,2,10
network_098,12,4;5,2,6
network_098,13,5;6,2,4
network_098,14,6;7,2,3
network_098,15,7;8,2,3
network_098,16,8;9,2,2
network_098,17,9;10,2,5
network_098,18,10;11,2,5
network_098,19,0;1;2,3,13
network_098,20,1;2;3,3,15
network_098,21,1;3;4,3,15
network_098,22,1;3;10,3,16
network_098,23,1;4;5,3,13
network_099,0,0;1,2,6
network_099,1,0;3,2,7
network_099,2,0;11,2,8
network_099,3,1;2,2,5
network_099,4,1;3,2,7
network_099,5,2;3,2,6
network_099,6,3;4,2,8
network_099,7,4;5,2,6
network_099,8,4;6,2,6
network_099,9,5;6,2,6
network_099,10,5;7,2,6
network_099,11,6;7,2,6
network_099,12,7;8,2,6
network_099,13,8;9,2,6
network_099,14,8;11,2,7
network_099,15,9;10,2,5
network_099,16,9;11,2,7
network_099,17,10;11,2,6
network_099,18,0;1;3,3,8
network_099,19,1;2;3,3,7
network_099,20,4;5;6,3,7
network_099,21,5;6;7,3,7
network_099,22,8;9;11,3,8
network_099,23,9;10;11,3,7
network_100,0,0;1,2,15
network_100,1,0;2,2,18
network_100,2,0;5,2,17
network_100,3,0;10,2,17
network_100,4,0;11,2,14
network_100,5,1;2,2,16
network_100,6,1;9,2,13
network_100,7,1;10,2,15
network_100,8,2;3,2,13
network_100,9,2;5,2,18
network_100,10,2;9,2,17
network_100,11,2;11,2,15
network_100,12,3;4,2,7
network_100,13,3;11,2,8
network_100,14,4;5,2,13
network_100,15,4;7,2,7
network_100,16,4;8,2,6
network_100,17,5;6,2,10
network_100,18,5;9,2,15
network_100,19,5;10,2,17
network_100,20,6;7,2,5
network_100,21,7;8,2,6
network_100,22,7;10,2,14
network_100,23,8;9,2,11
network_100,24,9;10,2,16
network_100,25,10;11,2,15
network_100,26,0;1;2,3,21
network_100,27,0;1;10,3,20
network_100,28,0;2;5,3,23
network_100,29,0;2;11,3,20
network_100,30,0;5;10,3,22
network_100,31,0;10;11,3,20
network_100,32,1;2;9,3,20
network_100,33,1;9;10,3,19
network_100,34,2;3;11,3,16
network_100,35,2;5;9,3,22
network_100,36,4;7;8,3,8
network_100,37,5;9;10,3,21
