network,variant,R,rho,eta,g,decay,spectral_abscissa,stable
toy_0,Coverage,2.0,2.0000000000000004,0.9999999999999998,0.5,1.0,-0.5000000000000004,True
toy_0,Constant bias,1.625,1.686140661634506,0.9637392875780377,0.5,1.0,-0.481187488727844,True
toy_0,Full DMWA,1.625,1.686140661634506,0.9637392875780377,0.5,1.0,-0.481187488727844,True
toy_1,Coverage,2.444444444444444,2.522853332939634,0.9689205521892833,0.5,1.0,-0.48396181826234774,True
toy_1,Constant bias,1.7777777777777777,1.9663886818505043,0.9040825927175135,0.5,1.0,-0.4469531832295457,True
toy_1,Full DMWA,1.7777777777777777,1.9635845320864036,0.9053736922080979,0.5,1.0,-0.44774185035069947,True
toy_2,Coverage,3.2380952380952377,3.276983964948435,0.9881327686466695,0.5,1.0,-0.4939951230594334,True
toy_2,Constant bias,2.5714285714285716,2.6659239592388793,0.964554357417874,0.5,1.0,-0.4816258968146643,True
toy_2,Full DMWA,2.5714285714285716,2.6655371964625463,0.9646943118412052,0.5,1.0,-0.48170110068783856,True
network_001,Coverage,5.206896551724138,6.143800509264157,0.8475041700772553,0.5,1.0,-0.4100324014282776,True
network_001,Constant bias,3.896551724137931,4.8105777603170825,0.8099966195913015,0.5,1.0,-0.3827134732336478,True
network_001,Full DMWA,3.896551724137931,4.80780942178396,0.8104630159595837,0.5,1.0,-0.38306870251444913,True
network_002,Coverage,7.617647058823529,8.780541621614642,0.8675600420902885,0.5,1.0,-0.42367101325309475,True
network_002,Constant bias,5.794117647058823,6.816917290921387,0.8499615588376429,0.5,1.0,-0.4117381017986631,True
network_002,Full DMWA,5.794117647058823,6.8115838458765445,0.8506270756053816,0.5,1.0,-0.41219834832537505,True
network_003,Coverage,3.819444444444444,4.565826593235865,0.8365285817255601,0.5,1.0,-0.4022917914309418,True
network_003,Constant bias,2.8125,3.6066675981893614,0.7798057135656045,0.5,1.0,-0.3588146492107809,True
network_003,Full DMWA,2.8125,3.605179064606921,0.780127685642891,0.5,1.0,-0.35907927740321427,True
network_004,Coverage,7.203703703703703,8.338888470915983,0.8638685753896904,0.5,1.0,-0.421208255232054,True
network_004,Constant bias,5.430555555555555,6.481467950451792,0.8378588920087181,0.5,1.0,-0.4032408025159504,True
network_004,Full DMWA,5.4305555555555545,6.477370361850169,0.8383889220755308,0.5,1.0,-0.4036180741007535,True
network_005,Coverage,5.149425287356321,5.723939500243329,0.899629579791578,0.5,1.0,-0.44421569584690845,True
network_005,Constant bias,3.839080459770115,4.463128708468945,0.8601769544502097,0.5,1.0,-0.4187242550347348,True
network_005,Full DMWA,3.8390804597701154,4.4602851306407505,0.8607253454262026,0.5,1.0,-0.419094601248886,True
network_006,Coverage,5.229166666666666,5.80966220546968,0.9000810170587046,0.5,1.0,-0.44449445047301883,True
network_006,Constant bias,3.890625,4.5438945494043,0.8562313578579981,0.5,1.0,-0.4160456803978424,True
network_006,Full DMWA,3.890625,4.542903250939985,0.8564181945092006,0.5,1.0,-0.41617307618442223,True
network_007,Coverage,5.037037037037037,6.4244330166158745,0.7840438251919607,0.5,1.0,-0.36228054614474847,True
network_007,Constant bias,3.7222222222222223,5.029503968162359,0.7400774004324364,0.5,1.0,-0.3243949893513279,True
network_007,Full DMWA,3.7222222222222223,5.027428844523296,0.7403828750907295,0.5,1.0,-0.32467373730284227,True
network_008,Coverage,5.809523809523809,7.22593750145047,0.803982017330991,0.5,1.0,-0.3780955429079519,True
network_008,Constant bias,4.363095238095238,5.646659354534126,0.7726861076880407,0.5,1.0,-0.35290670425529846,True
network_008,Full DMWA,4.363095238095238,5.643714649232429,0.7730892699702029,0.5,1.0,-0.3532441602516724,True
network_009,Coverage,5.172619047619047,5.698035112388824,0.9077899566418248,0.5,1.0,-0.4492117958105166,True
network_009,Constant bias,4.029761904761904,4.504725889434772,0.8945631773540691,0.5,1.0,-0.4410679841764835,True
network_009,Full DMWA,4.029761904761905,4.502546195856384,0.8949962375667407,0.5,1.0,-0.4413384336012759,True
network_010,Coverage,4.8076923076923075,5.8205227867671425,0.8259897751147908,0.5,1.0,-0.39466563017621736,True
network_010,Constant bias,3.5897435897435894,4.552291599235018,0.7885574795662961,0.5,1.0,-0.3659308129636957,True
network_010,Full DMWA,3.5897435897435894,4.547144403762542,0.7894500968065256,0.5,1.0,-0.36664774376164777,True
network_011,Coverage,7.283783783783784,8.086482257906,0.9007357651298333,0.5,1.0,-0.44489824945728873,True
network_011,Constant bias,5.590090090090089,6.298493181830793,0.8875281640719677,0.5,1.0,-0.43663759614567416,True
network_011,Full DMWA,5.590090090090089,6.29484078122989,0.8880431268029457,0.5,1.0,-0.43696428145325183,True
network_012,Coverage,5.516666666666667,6.296027384623963,0.8762138932462974,0.5,1.0,-0.4293630769222997,True
network_012,Constant bias,4.3,4.959370513233665,0.8670455229198564,0.5,1.0,-0.42332901008911,True
network_012,Full DMWA,4.3,4.957097227280814,0.867443143203939,0.5,1.0,-0.4235933456650215,True
network_013,Coverage,6.4411764705882355,7.079947854343535,0.909777388633814,0.5,1.0,-0.45041500674045554,True
network_013,Constant bias,4.838235294117647,5.506042780122142,0.8787137127928961,0.5,1.0,-0.43098646041291166,True
network_013,Full DMWA,4.838235294117647,5.503042633533842,0.8791927695843996,0.5,1.0,-0.4312965059569904,True
network_014,Coverage,11.436170212765957,12.803815023377968,0.893184585366558,0.5,1.0,-0.44020529665231223,True
network_014,Constant bias,8.74113475177305,9.775302603610715,0.8942060523573282,0.5,1.0,-0.4408447597934645,True
network_014,Full DMWA,8.74113475177305,9.768862245370741,0.894795579282049,0.5,1.0,-0.4412131535102345,True
network_015,Coverage,4.611111111111111,5.471996859910705,0.8426742977309306,0.5,1.0,-0.4066509429012495,True
network_015,Constant bias,3.493827160493827,4.327608741644763,0.8073343430686281,0.5,1.0,-0.38067790093069764,True
network_015,Full DMWA,3.493827160493827,4.326669790618304,0.8075095465037883,0.5,1.0,-0.3808122737807748,True
network_016,Coverage,6.083333333333333,7.30859621672153,0.8323531842428392,0.5,1.0,-0.39929346163932733,True
network_016,Constant bias,4.583333333333333,5.708253548900974,0.8029309304622209,0.5,1.0,-0.37728143102898404,True
network_016,Full DMWA,4.583333333333333,5.704432334939405,0.803468787816206,0.5,1.0,-0.37769829073388383,True
network_017,Coverage,7.098039215686274,8.413703117294933,0.8436284376490272,0.5,1.0,-0.4073220179806075,True
network_017,Constant bias,5.387254901960784,6.536547246659005,0.8241743995217576,0.5,1.0,-0.393332284659493,True
network_017,Full DMWA,5.387254901960783,6.532711762694236,0.8246582885724869,0.5,1.0,-0.3936882622431196,True
network_018,Coverage,4.326923076923077,5.294752635283066,0.8172096743650333,0.5,1.0,-0.38816191770062297,True
network_018,Constant bias,3.301282051282051,4.206793409293297,0.7847502194876349,0.5,1.0,-0.3628545904371337,True
network_018,Full DMWA,3.301282051282051,4.206220863299323,0.7848570387938579,0.5,1.0,-0.3629413061410735,True
network_019,Coverage,4.922619047619047,5.677573055403117,0.8670287461883716,0.5,1.0,-0.4233178516881979,True
network_019,Constant bias,3.488095238095238,4.392496632723615,0.7941031103152848,0.5,1.0,-0.3703588444560019,True
network_019,Full DMWA,3.4880952380952377,4.39004788142869,0.7945460578803705,0.5,1.0,-0.37070985999998385,True
network_020,Coverage,7.569444444444445,8.608829368931008,0.8792652427009796,0.5,1.0,-0.4313433811348325,True
network_020,Constant bias,5.810185185185185,6.694376613557037,0.8679202740728327,0.5,1.0,-0.42391021970983245,True
network_020,Full DMWA,5.810185185185184,6.69123333746769,0.8683279886012852,0.5,1.0,-0.42418071677569036,True
network_021,Coverage,3.325757575757576,3.658295576709875,0.9091002916578518,0.5,1.0,-0.4500056763944152,True
network_021,Constant bias,2.515151515151515,2.899261510612485,0.867514539804371,0.5,1.0,-0.42364078403486566,True
network_021,Full DMWA,2.515151515151515,2.898016286842207,0.867887294688783,0.5,1.0,-0.42388832851931924,True
network_022,Coverage,5.544444444444443,6.389716862147319,0.8677136349013727,0.5,1.0,-0.42377302846367,True
network_022,Constant bias,4.105555555555555,4.95518028845966,0.8285380786481505,0.5,1.0,-0.3965274344230466,True
network_022,Full DMWA,4.105555555555555,4.951051223210996,0.8292290607514466,0.5,1.0,-0.3970302975791752,True
network_023,Coverage,6.318181818181818,7.403989514203988,0.8533482936545047,0.5,1.0,-0.4140727722572388,True
network_023,Constant bias,4.686868686868687,5.763757941149441,0.813161956959977,0.5,1.0,-0.3851163403299642,True
network_023,Full DMWA,4.686868686868687,5.761375980023306,0.8134981475119295,0.5,1.0,-0.3853704504069966,True
network_024,Coverage,4.007246376811594,5.45971283880564,0.7339665098005803,0.5,1.0,-0.3187700074546314,True
network_024,Constant bias,2.9637681159420284,4.314507640002975,0.686930784051175,0.5,1.0,-0.272124627970158,True
network_024,Full DMWA,2.9637681159420284,4.31304037495217,0.6871644729212385,0.5,1.0,-0.2723721616828852,True
network_025,Coverage,5.304597701149426,6.167364644142812,0.8601076808693707,0.5,1.0,-0.41867743874276914,True
network_025,Constant bias,3.9597701149425286,4.788589216554167,0.8269178949937055,0.5,1.0,-0.3953450481274132,True
network_025,Full DMWA,3.959770114942528,4.7848921500534605,0.8275568164892257,0.5,1.0,-0.39581187655348243,True
network_026,Coverage,9.068181818181818,10.246022286388463,0.8850441239258897,0.5,1.0,-0.4350564152868527,True
network_026,Constant bias,6.958333333333334,7.8953258070330605,0.8813231402224003,0.5,1.0,-0.43267119949463084,True
network_026,Full DMWA,6.958333333333332,7.8927929867706474,0.8816059593855317,0.5,1.0,-0.43285319855540433,True
network_027,Coverage,4.425925925925926,5.306220375290728,0.8341014154888787,0.5,1.0,-0.40055250990439434,True
network_027,Constant bias,3.432098765432099,4.213703992365873,0.8145087485144097,0.5,1.0,-0.38613305147187954,True
network_027,Full DMWA,3.4320987654320985,4.21319847842563,0.814606476055358,0.5,1.0,-0.38620669648835343,True
network_028,Coverage,3.733333333333333,4.166386572817615,0.8960602354304776,0.5,1.0,-0.44200179828335495,True
network_028,Constant bias,2.466666666666667,3.157404911204591,0.781232289185742,0.5,1.0,-0.35998549097204413,True
network_028,Full DMWA,2.466666666666667,3.1563504510858915,0.7814932799423618,0.5,1.0,-0.36019923288799527,True
network_029,Coverage,6.957142857142857,8.362486316998426,0.8319466954464335,0.5,1.0,-0.3989999566838921,True
network_029,Constant bias,5.3238095238095235,6.5057008490064625,0.8183298997866717,0.5,1.0,-0.3889994730360675,True
network_029,Full DMWA,5.3238095238095235,6.502659794142049,0.8187126025884826,0.5,1.0,-0.38928508194551414,True
network_030,Coverage,6.347619047619047,7.172700577096733,0.8849691938748612,0.5,1.0,-0.4350085816990563,True
network_030,Constant bias,4.923809523809523,5.62396360879135,0.8755052248404757,0.5,1.0,-0.42890118092544466,True
network_030,Full DMWA,4.923809523809523,5.621518103828668,0.8758860921315981,0.5,1.0,-0.42914951556865616,True
network_031,Coverage,5.1234567901234565,6.315943135648438,0.8111942555666228,0.5,1.0,-0.38362482652105756,True
network_031,Constant bias,3.7962962962962963,4.941054578385548,0.7683170133159524,0.5,1.0,-0.3492269579687333,True
network_031,Full DMWA,3.7962962962962963,4.9381674342530895,0.7687662167879684,0.5,1.0,-0.3496072159764232,True
network_032,Coverage,4.873333333333333,6.345057093465472,0.7680519279097093,0.5,1.0,-0.34900235019164033,True
network_032,Constant bias,3.5533333333333332,4.971824154809225,0.7146940886668747,0.5,1.0,-0.30039997821633785,True
network_032,Full DMWA,3.5533333333333337,4.969957828394454,0.7149624717200546,0.5,1.0,-0.30066259450359556,True
network_033,Coverage,3.1904761904761907,3.8464661274425507,0.8294564633531515,0.5,1.0,-0.39719560689333144,True
network_033,Constant bias,2.349206349206349,3.0227696976591916,0.7771701400293761,0.5,1.0,-0.3566402332684831,True
network_033,Full DMWA,2.349206349206349,3.0207744322421965,0.7776834722024013,0.5,1.0,-0.35706490124574963,True
network_034,Coverage,4.886904761904761,5.372022716949019,0.9096954758747232,0.5,1.0,-0.45036551982494816,True
network_034,Constant bias,3.5892857142857144,4.156888504530939,0.8634548918917245,0.5,1.0,-0.4209309545927067,True
network_034,Full DMWA,3.5892857142857144,4.154138200647072,0.8640265539857647,0.5,1.0,-0.42131408150190136,True
network_035,Coverage,5.214285714285714,6.176756134422578,0.8441786596085458,0.5,1.0,-0.40770831587728834,True
network_035,Constant bias,3.827380952380952,4.8045612831991,0.796614035451017,0.5,1.0,-0.37234347155719427,True
network_035,Full DMWA,3.827380952380952,4.799942718536669,0.7973805473969873,0.5,1.0,-0.37294682992678274,True
network_036,Coverage,4.535714285714286,5.299745934576988,0.8558361743573496,0.5,1.0,-0.41577603870805,True
network_036,Constant bias,3.4880952380952377,4.209684592873897,0.8285882614578401,0.5,1.0,-0.3965639832740486,True
network_036,Full DMWA,3.488095238095238,4.209333662155329,0.8286573405799361,0.5,1.0,-0.3966142873360954,True
network_037,Coverage,5.425287356321839,6.58138393147645,0.8243383781904278,0.5,1.0,-0.3934529639423189,True
network_037,Constant bias,4.063218390804598,5.120471152620148,0.7935243202621006,0.5,1.0,-0.36989958942298173,True
network_037,Full DMWA,4.0632183908045985,5.1169515170366076,0.794070136735972,0.5,1.0,-0.37033269875221475,True
network_038,Coverage,6.638095238095238,7.560133054809379,0.8780394723175425,0.5,1.0,-0.43054951882712955,True
network_038,Constant bias,5.033333333333333,5.890278303661378,0.8545153681795696,0.5,1.0,-0.4148730161925795,True
network_038,Full DMWA,5.033333333333333,5.887177747142047,0.8549654094912938,0.5,1.0,-0.41518101849582584,True
network_039,Coverage,3.8958333333333335,4.396915755967438,0.8860377477203102,0.5,1.0,-0.4356899564533778,True
network_039,Constant bias,2.972222222222222,3.493034519539442,0.850899756528633,0.5,1.0,-0.4123867163391613,True
network_039,Full DMWA,2.9722222222222228,3.491389761444544,0.8513006067224306,0.5,1.0,-0.4126634046168083,True
network_040,Coverage,6.528735632183907,8.234154086475995,0.7928848019624609,0.5,1.0,-0.36939136837727826,True
network_040,Constant bias,4.931034482758621,6.400278817471425,0.7704405735103175,0.5,1.0,-0.35102067934730385,True
network_040,Full DMWA,4.931034482758621,6.398131279599665,0.770699172503875,0.5,1.0,-0.3512384366839507,True
network_041,Coverage,5.0625,6.591844363781704,0.7679944671957746,0.5,1.0,-0.3489536430832878,True
network_041,Constant bias,3.8333333333333335,5.174938262877226,0.7407495777934228,0.5,1.0,-0.3250080526681892,True
network_041,Full DMWA,3.8333333333333335,5.173244315735797,0.7409921317021954,0.5,1.0,-0.3252290022953317,True
network_042,Coverage,6.029411764705882,6.66124643639654,0.9051476810348343,0.5,1.0,-0.4476039540549208,True
network_042,Constant bias,4.656862745098039,5.218615179581658,0.8923560340908963,0.5,1.0,-0.43968552808702277,True
network_042,Full DMWA,4.6568627450980395,5.217207766656114,0.8925967592973169,0.5,1.0,-0.4398366397906079,True
network_043,Coverage,3.0666666666666664,4.091816995337533,0.7494632995955133,0.5,1.0,-0.3328559246732289,True
network_043,Constant bias,2.033333333333333,3.1689401997755544,0.6416445894047945,0.5,1.0,-0.22075240989125677,True
network_043,Full DMWA,2.0333333333333337,3.16639367369137,0.6421606227386379,0.5,1.0,-0.22137860482999083,True
network_044,Coverage,5.202380952380952,6.062169217011361,0.8581715168527936,0.5,1.0,-0.4173658876098921,True
network_044,Constant bias,3.9107142857142856,4.76137276626171,0.8213417595498828,0.5,1.0,-0.39124001161950933,True
network_044,Full DMWA,3.9107142857142856,4.759909901596247,0.8215941827812367,0.5,1.0,-0.3914270445447716,True
network_045,Coverage,4.055555555555555,5.295880550185965,0.7657943786917824,0.5,1.0,-0.3470832198400864,True
network_045,Constant bias,3.069444444444444,4.2070189576706,0.7296008112461599,0.5,1.0,-0.31469374445184783,True
network_045,Full DMWA,3.0694444444444446,4.2064970495221345,0.7296913342167063,0.5,1.0,-0.3147787611638164,True
network_046,Coverage,4.378205128205128,4.8018028809360445,0.9117836022772468,0.5,1.0,-0.45162426835576625,True
network_046,Constant bias,3.1666666666666665,3.6914559542131586,0.857836773875756,0.5,1.0,-0.41713853354529157,True
network_046,Full DMWA,3.166666666666666,3.688370495336617,0.8585543861904421,0.5,1.0,-0.4176257112626411,True
network_047,Coverage,4.079710144927536,5.251747251526355,0.7768291103007325,0.5,1.0,-0.35635779688220576,True
network_047,Constant bias,2.9275362318840576,4.124495436728744,0.7097925738538265,0.5,1.0,-0.2955688486775162,True
network_047,Full DMWA,2.9275362318840576,4.122110938221784,0.710203164291098,0.5,1.0,-0.29597610213539094,True
network_048,Coverage,5.011111111111111,5.430891211224328,0.9227051171185986,0.5,1.0,-0.4581150676161988,True
network_048,Constant bias,3.922222222222222,4.304210080502625,0.911252506003193,0.5,1.0,-0.4513046639585899,True
network_048,Full DMWA,3.922222222222222,4.303548863002893,0.9113925151265525,0.5,1.0,-0.4513889551412764,True
network_049,Coverage,4.802469135802469,5.413026717214702,0.8872058806821486,0.5,1.0,-0.43643295103548707,True
network_049,Constant bias,3.450617283950617,4.163710401169165,0.8287361395215402,0.5,1.0,-0.39667165922235936,True
network_049,Full DMWA,3.450617283950617,4.1599201311565235,0.8294912342442716,0.5,1.0,-0.39722087544959284,True
network_050,Coverage,6.686868686868687,7.733759989418926,0.8646335929764356,0.5,1.0,-0.4217203633289478,True
network_050,Constant bias,5.0353535353535355,6.023902460447046,0.8358955956567483,0.5,1.0,-0.4018391739375557,True
network_050,Full DMWA,5.035353535353536,6.019561285267498,0.8364984251721551,0.5,1.0,-0.40227024348898455,True
network_051,Coverage,5.872222222222222,6.573845194569349,0.893270536256811,0.5,1.0,-0.44025916034887264,True
network_051,Constant bias,4.5055555555555555,5.155609168800543,0.8739133258628634,0.5,1.0,-0.4278608813908141,True
network_051,Full DMWA,4.5055555555555555,5.153240181835363,0.8743150710182637,0.5,1.0,-0.4281237776015025,True
network_052,Coverage,6.171875,7.0767695383897244,0.8721316932138463,0.5,1.0,-0.42669208802918873,True
network_052,Constant bias,4.609375,5.5046639727641065,0.8373581062906285,0.5,1.0,-0.40288390803914964,True
network_052,Full DMWA,4.609375,5.5002553499825915,0.838029274407158,0.5,1.0,-0.40336213152731293,True
network_053,Coverage,9.982905982905983,11.362524510086331,0.8785816896627433,0.5,1.0,-0.43090095561639524,True
network_053,Constant bias,7.683760683760683,8.721881030566658,0.8809751768950087,0.5,1.0,-0.43244711870061303,True
network_053,Full DMWA,7.683760683760683,8.716550932516746,0.8815138858532587,0.5,1.0,-0.43279396045358287,True
network_054,Coverage,6.2598039215686265,7.133060720523821,0.8775761439345962,0.5,1.0,-0.4302488696214327,True
network_054,Constant bias,4.882352941176471,5.5967768244519895,0.8723508359035789,0.5,1.0,-0.4268361083392584,True
network_054,Full DMWA,4.882352941176471,5.593872758308297,0.8728037179474557,0.5,1.0,-0.4271335127033692,True
network_055,Coverage,6.9490740740740735,7.716225684644066,0.9005794229040386,0.5,1.0,-0.44480188278377253,True
network_055,Constant bias,5.314814814814814,6.007766702802121,0.8846573240495337,0.5,1.0,-0.4348094042660036,True
network_055,Full DMWA,5.314814814814814,6.003550924514742,0.8852785429223959,0.5,1.0,-0.4352060105857213,True
network_056,Coverage,10.473484848484848,11.75746135632986,0.8907947499097024,0.5,1.0,-0.43870347231987794,True
network_056,Constant bias,8.068181818181818,9.00001700801541,0.8964629523473455,0.5,1.0,-0.4422524671089052,True
network_056,Full DMWA,8.068181818181818,8.99441240160527,0.8970215571549572,0.5,1.0,-0.44259979483009615,True
network_057,Coverage,3.325757575757576,3.816330260834488,0.8714543418551931,0.5,1.0,-0.42624647559208306,True
network_057,Constant bias,2.4015151515151514,2.9993307492565044,0.800683669885509,0.5,1.0,-0.3755336610380776,True
network_057,Full DMWA,2.4015151515151514,2.997910574469847,0.8010629709793253,0.5,1.0,-0.37582934411668717,True
network_058,Coverage,3.88,4.776050951818913,0.8123866430952416,0.5,1.0,-0.3845295165181828,True
network_058,Constant bias,2.5733333333333337,3.697829705487578,0.695903688997497,0.5,1.0,-0.28150977224982343,True
network_058,Full DMWA,2.5733333333333333,3.696598567784082,0.696135457000924,0.5,1.0,-0.28174898294350736,True
network_059,Coverage,7.27027027027027,8.13042811022323,0.8942050986378695,0.5,1.0,-0.4408441634233113,True
network_059,Constant bias,5.527027027027027,6.32291717642902,0.8741261150203005,0.5,1.0,-0.42800015763356375,True
network_059,Full DMWA,5.527027027027027,6.319215187703831,0.8746382047222773,0.5,1.0,-0.4283350563690944,True
network_060,Coverage,5.65625,6.300607500500114,0.8977308933386237,0.5,1.0,-0.44304022095026646,True
network_060,Constant bias,4.416666666666666,4.962244905748846,0.8900541489900835,0.5,1.0,-0.4382364257642808,True
network_060,Full DMWA,4.416666666666666,4.960122908258981,0.8904349243670113,0.5,1.0,-0.4384766518952094,True
network_061,Coverage,7.271428571428571,8.536233428347778,0.8518310367756643,0.5,1.0,-0.4130291355753009,True
network_061,Constant bias,5.48095238095238,6.626539757465157,0.827121330522131,0.5,1.0,-0.39549376669518643,True
network_061,Full DMWA,5.480952380952381,6.623645077238725,0.8274828009409719,0.5,1.0,-0.3957578339617149,True
network_062,Coverage,6.785714285714286,7.572798860473089,0.8960642439789254,0.5,1.0,-0.4420042944914567,True
network_062,Constant bias,5.142857142857143,5.903207932077962,0.8711970172879934,0.5,1.0,-0.4260770066035334,True
network_062,Full DMWA,5.142857142857143,5.899139095110194,0.8717979115156084,0.5,1.0,-0.42647258797540033,True
network_063,Coverage,3.7708333333333335,3.8506700597482455,0.9792667963818921,0.5,1.0,-0.4894139147295144,True
network_063,Constant bias,2.875,3.0260073161253085,0.9500968436789281,0.5,1.0,-0.4737378580651639,True
network_063,Full DMWA,2.875,3.023869640914996,0.950768499110977,0.5,1.0,-0.47410962766695797,True
network_064,Coverage,4.898809523809524,5.540020049064212,0.8842584467969573,0.5,1.0,-0.4345544542874916,True
network_064,Constant bias,3.595238095238095,4.3078932276622055,0.8345699174139346,0.5,1.0,-0.40088902131850196,True
network_064,Full DMWA,3.595238095238095,4.305029438243054,0.8351250895755465,0.5,1.0,-0.40128729666818613,True
network_065,Coverage,7.537037037037038,8.647171588214796,0.8716187669167156,0.5,1.0,-0.42635471036412914,True
network_065,Constant bias,5.736111111111111,6.722660601170793,0.8532501417834677,0.5,1.0,-0.41400537132651766,True
network_065,Full DMWA,5.736111111111111,6.717612575420578,0.8538913262279022,0.5,1.0,-0.41444539294154953,True
network_066,Coverage,6.240196078431373,7.153237821162673,0.8723596550879255,0.5,1.0,-0.42684190278193923,True
network_066,Constant bias,4.799019607843137,5.5862761269827095,0.8590731103790263,0.5,1.0,-0.4179773595993501,True
network_066,Full DMWA,4.799019607843138,5.583791622058221,0.8594553544736666,0.5,1.0,-0.41823621506645803,True
network_067,Coverage,4.14,4.580023389541967,0.9039255147590037,0.5,1.0,-0.4468570785577341,True
network_067,Constant bias,2.8866666666666663,3.462053998359691,0.8338017454477483,0.5,1.0,-0.4003370672587134,True
network_067,Full DMWA,2.8866666666666663,3.457840501984485,0.8348177612616843,0.5,1.0,-0.4010668876470312,True
network_068,Coverage,5.946078431372548,6.769436899904499,0.8783712027002473,0.5,1.0,-0.43076458055213623,True
network_068,Constant bias,4.382352941176471,5.262226942733827,0.8327943642240095,0.5,1.0,-0.39961169109748523,True
network_068,Full DMWA,4.382352941176471,5.260057933705333,0.8331377708019687,0.5,1.0,-0.39985916192623705,True
network_069,Coverage,4.678571428571429,5.73340885807437,0.816019150977274,0.5,1.0,-0.38726928234319646,True
network_069,Constant bias,3.4107142857142856,4.504328940397814,0.7572080837890711,0.5,1.0,-0.33967952706210014,True
network_069,Full DMWA,3.4107142857142856,4.503310830565888,0.7573792736144962,0.5,1.0,-0.33982877876521134,True
network_070,Coverage,4.428571428571429,4.752592438738457,0.9318222603045176,0.5,1.0,-0.46341698272307735,True
network_070,Constant bias,3.017857142857143,3.53010971052494,0.8548904680949353,0.5,1.0,-0.4151297521023763,True
network_070,Full DMWA,3.017857142857143,3.526959350130996,0.8556540757253286,0.5,1.0,-0.4156517053037444,True
network_071,Coverage,4.955128205128204,6.244448328919535,0.793525375521136,0.5,1.0,-0.36990042735352735,True
network_071,Constant bias,3.5833333333333335,4.851162627974068,0.738654546988419,0.5,1.0,-0.3230935867943152,True
network_071,Full DMWA,3.583333333333333,4.847316967826375,0.7392405648562662,0.5,1.0,-0.32363019053585523,True
network_072,Coverage,5.559139784946236,6.062618597881694,0.9169535729805969,0.5,1.0,-0.4547161222408146,True
network_072,Constant bias,4.17741935483871,4.714032725806291,0.8861668125403609,0.5,1.0,-0.43577214478766657,True
network_072,Full DMWA,4.17741935483871,4.710559591501294,0.8868201906150458,0.5,1.0,-0.43618784812146805,True
network_073,Coverage,4.467948717948717,5.427296175900703,0.8232365754771482,0.5,1.0,-0.3926411740025033,True
network_073,Constant bias,3.3397435897435903,4.24576080948139,0.7866066270821159,0.5,1.0,-0.3643582665267783,True
network_073,Full DMWA,3.3397435897435894,4.243014992425952,0.7871156702734357,0.5,1.0,-0.36476934854275694,True
network_074,Coverage,5.821428571428571,7.208843770257915,0.8075398436912297,0.5,1.0,-0.38083550439502606,True
network_074,Constant bias,4.369047619047619,5.627640127536628,0.7763551897480819,0.5,1.0,-0.3559648900366801,True
network_074,Full DMWA,4.369047619047619,5.623617995444915,0.7769104556153195,0.5,1.0,-0.35642518853218874,True
network_075,Coverage,4.266666666666667,5.437082772960712,0.7847345432895247,0.5,1.0,-0.3628418625436686,True
network_075,Constant bias,3.2,4.30616497819906,0.7431206226888027,0.5,1.0,-0.327161722156398,True
network_075,Full DMWA,3.2,4.305633669525493,0.7432123226481224,0.5,1.0,-0.3272447391366424,True
network_076,Coverage,4.919540229885057,5.791604267735424,0.8494261697560092,0.5,1.0,-0.4113673232558628,True
network_076,Constant bias,3.4655172413793105,4.476716443862377,0.7741203368219959,0.5,1.0,-0.3541055877014502,True
network_076,Full DMWA,3.46551724137931,4.473593886330486,0.774660670913501,0.5,1.0,-0.35455610595231646,True
network_077,Coverage,7.109523809523809,8.127463237531444,0.874753118130767,0.5,1.0,-0.42841015409189265,True
network_077,Constant bias,5.447619047619047,6.330390610207326,0.8605502224199452,0.5,1.0,-0.4189763863009017,True
network_077,Full DMWA,5.447619047619048,6.32787676821793,0.8608920886354773,0.5,1.0,-0.4192071148051745,True
network_078,Coverage,4.711538461538462,5.768792528794158,0.8167287067478066,0.5,1.0,-0.38780160918919054,True
network_078,Constant bias,3.5897435897435894,4.556956758833723,0.7877501981524889,0.5,1.0,-0.3652810228767328,True
network_078,Full DMWA,3.5897435897435894,4.554918817118445,0.7881026498765462,0.5,1.0,-0.36556487904421825,True
network_079,Coverage,3.0396825396825395,3.6850436394387227,0.8248701608715604,0.5,1.0,-0.3938439966458505,True
network_079,Constant bias,1.9761904761904763,2.80021083224319,0.7057291734734815,0.5,1.0,-0.29151292196256867,True
network_079,Full DMWA,1.9761904761904763,2.7984309283503923,0.7061780429061342,0.5,1.0,-0.29196325909206955,True
network_080,Coverage,6.222222222222223,7.527434041307346,0.826606010504685,0.5,1.0,-0.395116907394945,True
network_080,Constant bias,4.694444444444444,5.8724716986194965,0.7993983939587169,0.5,1.0,-0.3745296415671555,True
network_080,Full DMWA,4.694444444444444,5.868002096101703,0.8000072882664969,0.5,1.0,-0.37500569390632943,True
network_081,Coverage,2.4385964912280698,2.889900606174324,0.8438340356820456,0.5,1.0,-0.4074664224750477,True
network_081,Constant bias,1.4385964912280702,2.1724383463544608,0.6622035988465033,0.5,1.0,-0.24494520888899696,True
network_081,Full DMWA,1.4385964912280702,2.1712176355544535,0.662575905644163,0.5,1.0,-0.2453694803255848,True
network_082,Coverage,7.470588235294118,8.742394522254298,0.8545242629210201,0.5,1.0,-0.4148791067782559,True
network_082,Constant bias,5.67156862745098,6.793028077131348,0.8349102289955567,0.5,1.0,-0.401133220512189,True
network_082,Full DMWA,5.67156862745098,6.788665227119494,0.8354467981119595,0.5,1.0,-0.40151784514590605,True
network_083,Coverage,5.489247311827957,6.110472715745659,0.898334313429318,0.5,1.0,-0.4434143363718456,True
network_083,Constant bias,4.102150537634409,4.745606385012001,0.8644101943621342,0.5,1.0,-0.4215709124428361,True
network_083,Full DMWA,4.102150537634408,4.743190480182998,0.8648504745430637,0.5,1.0,-0.4218653805281554,True
network_084,Coverage,5.333333333333334,5.592178288419797,0.9537130360055802,0.5,1.0,-0.4757332854606448,True
network_084,Constant bias,4.125,4.417181192171307,0.9338534736385395,0.5,1.0,-0.46458409791862904,True
network_084,Full DMWA,4.125,4.416500791184378,0.9339973420210335,0.5,1.0,-0.46466657076552886,True
network_085,Coverage,5.047619047619047,5.492905965349906,0.9189341815534805,0.5,1.0,-0.4558913902247744,True
network_085,Constant bias,3.595238095238095,4.176583566173443,0.8608083708311928,0.5,1.0,-0.41915062986992113,True
network_085,Full DMWA,3.5952380952380953,4.172008505268916,0.8617523407964279,0.5,1.0,-0.4197868966182302,True
network_086,Coverage,5.864583333333333,6.806606108748673,0.8616016910094829,0.5,1.0,-0.41968544721148276,True
network_086,Constant bias,4.442708333333334,5.324361684538863,0.8344114462085256,0.5,1.0,-0.4007752383168484,True
network_086,Full DMWA,4.442708333333334,5.321855995031273,0.8348043121574971,0.5,1.0,-0.40105723854278996,True
network_087,Coverage,5.17816091954023,5.924350951151267,0.8740469567445137,0.5,1.0,-0.42794835432834744,True
network_087,Constant bias,3.9540229885057467,4.6418010086993,0.8518294905566668,0.5,1.0,-0.4130280701208716,True
network_087,Full DMWA,3.954022988505747,4.6381220956365095,0.8525051533735271,0.5,1.0,-0.413493281511081,True
network_088,Coverage,7.581081081081081,8.380966560452435,0.9045592804121421,0.5,1.0,-0.447244629702782,True
network_088,Constant bias,5.761261261261261,6.512997194861883,0.884579109876837,0.5,1.0,-0.43475943031300335,True
network_088,Full DMWA,5.761261261261261,6.509860051351338,0.8850053942504216,0.5,1.0,-0.4350316921813918,True
network_089,Coverage,6.086021505376344,6.945428398866461,0.8762629395718228,0.5,1.0,-0.42939501670090063,True
network_089,Constant bias,4.575268817204301,5.4083868686477565,0.8459581254675005,0.5,1.0,-0.4089541964932545,True
network_089,Full DMWA,4.5752688172043,5.406235181047631,0.8462948177400036,0.5,1.0,-0.4091893397915061,True
network_090,Coverage,3.8466666666666662,3.9241677652567777,0.9802503095621244,0.5,1.0,-0.4899262003565715,True
network_090,Constant bias,2.9066666666666663,3.0715273696176713,0.9463261488138632,0.5,1.0,-0.471640934125401,True
network_090,Full DMWA,2.9066666666666667,3.070091762835044,0.9467686607460019,0.5,1.0,-0.47188788483341826,True
network_091,Coverage,4.16025641025641,4.817165069246503,0.8636316901025677,0.5,1.0,-0.42104949861135976,True
network_091,Constant bias,2.9935897435897436,3.7442886931136052,0.7995082615011693,0.5,1.0,-0.3746155930131459,True
network_091,Full DMWA,2.9935897435897436,3.741876863628245,0.8000235851393201,0.5,1.0,-0.3750184253468877,True
network_092,Coverage,10.247967479674795,11.739611088571142,0.872939265394532,0.5,1.0,-0.4272224657301671,True
network_092,Constant bias,7.857723577235773,9.018439154399266,0.8712952920908397,0.5,1.0,-0.4261417403046519,True
network_092,Full DMWA,7.857723577235771,9.012423127332955,0.871876904381553,0.5,1.0,-0.42652455009728296,True
network_093,Coverage,4.730769230769231,6.205655153454899,0.7623319558992012,0.5,1.0,-0.3441177480088322,True
network_093,Constant bias,3.519230769230769,4.883944682428629,0.7205713819593814,0.5,1.0,-0.30610621998281706,True
network_093,Full DMWA,3.519230769230769,4.882716553488672,0.7207526242161855,0.5,1.0,-0.30628070824751225,True
network_094,Coverage,4.055555555555555,4.909529033543105,0.8260579635739,0.5,1.0,-0.39471559860427474,True
network_094,Constant bias,2.8611111111111107,3.7802686919500696,0.7568539022646015,0.5,1.0,-0.33937051985338634,True
network_094,Full DMWA,2.8611111111111107,3.777246544882247,0.7574594554828836,0.5,1.0,-0.33989866205941305,True
network_095,Coverage,7.696078431372548,9.129533959511367,0.8429869986248958,0.5,1.0,-0.40687104212091785,True
network_095,Constant bias,5.882352941176471,7.072457619822716,0.8317268561199131,0.5,1.0,-0.39884110231506964,True
network_095,Full DMWA,5.882352941176471,7.069425891627663,0.8320835427588194,0.5,1.0,-0.39909879921164915,True
network_096,Coverage,4.883333333333334,5.574899913005819,0.8759499559697722,0.5,1.0,-0.42919113518711755,True
network_096,Constant bias,3.7055555555555553,4.404036474087589,0.8413998333933548,0.5,1.0,-0.40575219989822897,True
network_096,Full DMWA,3.7055555555555553,4.403838861148751,0.8414375894282728,0.5,1.0,-0.4057788643127619,True
network_097,Coverage,7.410256410256411,8.267445113059718,0.896317581661444,0.5,1.0,-0.44216200794233773,True
network_097,Constant bias,5.628205128205129,6.425047951380303,0.8759786963140116,0.5,1.0,-0.42920986308922193,True
network_097,Full DMWA,5.628205128205129,6.422394916592082,0.8763405554001069,0.5,1.0,-0.4294455541068558,True
network_098,Coverage,4.826388888888888,6.154338528269234,0.7842254479046669,0.5,1.0,-0.36242823879800856,True
network_098,Constant bias,3.576388888888889,4.82123032710455,0.741800048170844,0.5,1.0,-0.3259639154339271,True
network_098,Full DMWA,3.576388888888888,4.817592130940871,0.7423602479586463,0.5,1.0,-0.32647255645098594,True
network_099,Coverage,3.694444444444444,3.75845499878991,0.9829689182480368,0.5,1.0,-0.49133691745700553,True
network_099,Constant bias,2.819444444444444,2.962958267854364,0.9515640078475199,0.5,1.0,-0.47454927269577835,True
network_099,Full DMWA,2.819444444444444,2.9619257770127727,0.9518957113395236,0.5,1.0,-0.47473237451990247,True
network_100,Coverage,7.587719298245615,8.643676944837662,0.8778346699754084,0.5,1.0,-0.4304166637505831,True
network_100,Constant bias,5.7894736842105265,6.717640975645141,0.8618313638969852,0.5,1.0,-0.41984009755792007,True
network_100,Full DMWA,5.7894736842105265,6.715520792668235,0.8621034560016949,0.5,1.0,-0.4200232042695615,True
