network,family,is_toy,variant,projection,relative_L2_error,max_absolute_error,negative_fraction,finite,exact_expected,context_negative_fraction,minimum_context_state,reduced_spectral_abscissa,context,error_percent
network_001,Random,FALSE,Full DMWA,Node,0.01074926325372415,9.2558023094986e-4,0,TRUE,FALSE,0,6.984700286251879e-5,-0.39116206608561055,Nodes,1.074926325372415
network_001,Random,FALSE,Full DMWA,Node + order,6.2325994976635e-4,7.923038878249189e-5,0,TRUE,FALSE,0,0,4.142381070531111e-17,"Nodes +
order",0.062325994976635005
network_001,Random,FALSE,Full DMWA,Node + order + degree,2.790545249097187e-16,4.163336342344337e-17,0,TRUE,TRUE,0,0,-0.38306870251444874,"Nodes +
order + degree",2.790545249097187e-14
network_002,Core-periphery,FALSE,Full DMWA,Node,0.00362661626079631,0.00047037198080045997,0,TRUE,FALSE,0,5.7333369969951405e-5,-0.4135971554231175,Nodes,0.362661626079631
network_002,Core-periphery,FALSE,Full DMWA,Node + order,7.5265443291866e-4,1.1795474801602e-4,0,TRUE,FALSE,0,0,0,"Nodes +
order",0.07526544329186599
network_002,Core-periphery,FALSE,Full DMWA,Node + order + degree,2.3045552498984684e-16,5.551115123125783e-17,0,TRUE,TRUE,0,0,-0.4121983483253754,"Nodes +
order + degree",2.3045552498984685e-14
network_003,Modular,FALSE,Full DMWA,Node,0.01653760082843056,0.00134053093679124,0,TRUE,FALSE,0,2.3804964020584393e-5,-0.3716436980664096,Nodes,1.653760082843056
network_003,Modular,FALSE,Full DMWA,Node + order,8.8890028055816e-4,1.4957818547307e-4,0,TRUE,FALSE,0,0,4.594732975406244e-16,"Nodes +
order",0.088890028055816
network_003,Modular,FALSE,Full DMWA,Node + order + degree,3.375907750152558e-16,4.163336342344337e-17,0,TRUE,TRUE,0,0,-0.35907927740321455,"Nodes +
order + degree",3.375907750152558e-14
network_004,Random,FALSE,Full DMWA,Node,0.00396081469854405,3.9152911879129e-4,0,TRUE,FALSE,0,1.0557692515654e-4,-0.4054652612181137,Nodes,0.396081469854405
network_004,Random,FALSE,Full DMWA,Node + order,5.3005342417281e-4,7.034589422832971e-5,0,TRUE,FALSE,0,0,0,"Nodes +
order",0.053005342417281
network_004,Random,FALSE,Full DMWA,Node + order + degree,3.153473292213976e-16,5.551115123125783e-17,0,TRUE,TRUE,0,0,-0.4036180741007536,"Nodes +
order + degree",3.153473292213976e-14
network_005,Core-periphery,FALSE,Full DMWA,Node,0.01336195990646122,0.00138796669169274,0,TRUE,FALSE,0,8.17446319107206e-5,-0.42989603116441694,Nodes,1.336195990646122
network_005,Core-periphery,FALSE,Full DMWA,Node + order,8.3358401384419e-4,1.0615540424595e-4,0,TRUE,FALSE,0,0,0,"Nodes +
order",0.083358401384419
network_005,Core-periphery,FALSE,Full DMWA,Node + order + degree,2.3293540901584956e-16,4.163336342344337e-17,0,TRUE,TRUE,0,0,-0.4190946012488867,"Nodes +
order + degree",2.3293540901584955e-14
network_006,Modular,FALSE,Full DMWA,Node,0.01065731786353067,7.0621954351416e-4,0,TRUE,FALSE,0,2.5498567051178e-4,-0.42219349154109953,Nodes,1.065731786353067
network_006,Modular,FALSE,Full DMWA,Node + order,7.0482497779873e-4,7.588592049951465e-5,0,TRUE,FALSE,0,6.729852110859466e-5,1.7916191726368171e-16,"Nodes +
order",0.07048249777987299
network_006,Modular,FALSE,Full DMWA,Node + order + degree,2.3232229538927577e-16,2.775557561562891e-17,0,TRUE,TRUE,0,0,-0.416173076184421,"Nodes +
order + degree",2.3232229538927577e-14
network_007,Random,FALSE,Full DMWA,Node,0.00959431971115733,0.00105683476971463,0,TRUE,FALSE,0,3.893001677528712e-5,-0.3292161362672006,Nodes,0.959431971115733
network_007,Random,FALSE,Full DMWA,Node + order,7.0986161904845e-4,9.680476366289575e-5,0,TRUE,FALSE,0,0,5.683780052259718e-17,"Nodes +
order",0.070986161904845
network_007,Random,FALSE,Full DMWA,Node + order + degree,2.8269845636567563e-16,5.551115123125783e-17,0,TRUE,TRUE,0,0,-0.32467373730284277,"Nodes +
order + degree",2.8269845636567564e-14
network_008,Core-periphery,FALSE,Full DMWA,Node,0.00471538803209815,4.793496060796e-4,0,TRUE,FALSE,0,1.123606275332377e-5,-0.3553616291569269,Nodes,0.47153880320981495
network_008,Core-periphery,FALSE,Full DMWA,Node + order,6.1104981473935e-4,1.0699832419597e-4,0,TRUE,FALSE,0,0,0,"Nodes +
order",0.061104981473935
network_008,Core-periphery,FALSE,Full DMWA,Node + order + degree,2.1984210159126007e-16,5.551115123125783e-17,0,TRUE,TRUE,0,0,-0.3532441602516725,"Nodes +
order + degree",2.1984210159126006e-14
network_009,Modular,FALSE,Full DMWA,Node,0.00467172190713342,4.7725509014958e-4,0,TRUE,FALSE,0,2.193786117260138e-5,-0.4445077580521444,Nodes,0.467172190713342
network_009,Modular,FALSE,Full DMWA,Node + order,0.00102035339006917,1.6323462083671e-4,0,TRUE,FALSE,0,0,1.3845127266196279e-17,"Nodes +
order",0.102035339006917
network_009,Modular,FALSE,Full DMWA,Node + order + degree,2.2066726758960656e-16,5.551115123125783e-17,0,TRUE,TRUE,0,0,-0.44133843360127495,"Nodes +
order + degree",2.2066726758960657e-14
network_010,Random,FALSE,Full DMWA,Node,0.01427702251270178,0.00156414623266481,0,TRUE,FALSE,0,4.461071564446021e-5,-0.37743389272573485,Nodes,1.427702251270178
network_010,Random,FALSE,Full DMWA,Node + order,3.9882011214628e-4,6.041178044369211e-5,0,TRUE,FALSE,0,0,2.9236503144766997e-16,"Nodes +
order",0.039882011214628
network_010,Random,FALSE,Full DMWA,Node + order + degree,2.0226359150462182e-16,5.551115123125783e-17,0,TRUE,TRUE,0,0,-0.3666477437616472,"Nodes +
order + degree",2.022635915046218e-14
network_011,Core-periphery,FALSE,Full DMWA,Node,0.00327942658893927,4.185338720141e-4,0,TRUE,FALSE,0,3.676537733574824e-5,-0.4387445404287003,Nodes,0.327942658893927
network_011,Core-periphery,FALSE,Full DMWA,Node + order,0.00131101105204691,1.2751970952359e-4,0,TRUE,FALSE,0,0,0,"Nodes +
order",0.13110110520469098
network_011,Core-periphery,FALSE,Full DMWA,Node + order + degree,2.05902176123394e-16,4.163336342344337e-17,0,TRUE,TRUE,0,0,-0.43696428145325006,"Nodes +
order + degree",2.05902176123394e-14
network_012,Modular,FALSE,Full DMWA,Node,0.00376601828508358,4.6231524489891e-4,0,TRUE,FALSE,0,2.965834047177059e-5,-0.4252874130801534,Nodes,0.376601828508358
network_012,Modular,FALSE,Full DMWA,Node + order,7.8880432896907e-4,1.2401949311065e-4,0,TRUE,FALSE,0,0,0,"Nodes +
order",0.07888043289690701
network_012,Modular,FALSE,Full DMWA,Node + order + degree,2.1722539249018063e-16,4.163336342344337e-17,0,TRUE,TRUE,0,0,-0.4235933456650224,"Nodes +
order + degree",2.1722539249018064e-14
network_013,Random,FALSE,Full DMWA,Node,0.0087111472291415,6.3185922791431e-4,0,TRUE,FALSE,0,5.0616510587359134e-5,-0.4388122456852077,Nodes,0.87111472291415
network_013,Random,FALSE,Full DMWA,Node + order,6.1822663153192e-4,7.22545237465122e-5,0,TRUE,FALSE,0,0,0,"Nodes +
order",0.061822663153192
network_013,Random,FALSE,Full DMWA,Node + order + degree,2.0484299088408023e-16,5.551115123125783e-17,0,TRUE,TRUE,0,0,-0.43129650595698943,"Nodes +
order + degree",2.0484299088408024e-14
network_014,Core-periphery,FALSE,Full DMWA,Node,0.00465802660463374,5.5599690434385e-4,0,TRUE,FALSE,0,7.882342296996522e-5,-0.43687151771712635,Nodes,0.465802660463374
network_014,Core-periphery,FALSE,Full DMWA,Node + order,1.6161458267857e-4,1.99817518426286e-5,0,TRUE,FALSE,0,0,0,"Nodes +
order",0.016161458267857
network_014,Core-periphery,FALSE,Full DMWA,Node + order + degree,2.6958852997562753e-16,6.938893903907227e-17,0,TRUE,TRUE,0,0,-0.44121315351023493,"Nodes +
order + degree",2.6958852997562752e-14
network_015,Modular,FALSE,Full DMWA,Node,0.01134508480986657,0.00136166965688365,0,TRUE,FALSE,0,8.334852078266397e-5,-0.3849304239150229,Nodes,1.134508480986657
network_015,Modular,FALSE,Full DMWA,Node + order,0.00117545981973701,1.4504360906505e-4,0,TRUE,FALSE,0,0,1.507525205919753e-16,"Nodes +
order",0.117545981973701
network_015,Modular,FALSE,Full DMWA,Node + order + degree,2.294363092483126e-16,4.163336342344337e-17,0,TRUE,TRUE,0,0,-0.3808122737807734,"Nodes +
order + degree",2.294363092483126e-14
network_016,Random,FALSE,Full DMWA,Node,0.00559426261053186,6.1789961305409e-4,0,TRUE,FALSE,0,2.1534563402167805e-5,-0.3804969746646091,Nodes,0.559426261053186
network_016,Random,FALSE,Full DMWA,Node + order,5.7374589773979e-4,8.780040156328855e-5,0,TRUE,FALSE,0,0,0,"Nodes +
order",0.057374589773979
network_016,Random,FALSE,Full DMWA,Node + order + degree,2.4728045125203247e-16,5.551115123125783e-17,0,TRUE,TRUE,0,0,-0.3776982907338837,"Nodes +
order + degree",2.4728045125203245e-14
network_017,Core-periphery,FALSE,Full DMWA,Node,0.0036850859786673,3.6193057506359e-4,0,TRUE,FALSE,0,1.3794691872518e-4,-0.3948270658578523,Nodes,0.36850859786672996
network_017,Core-periphery,FALSE,Full DMWA,Node + order,4.7492403228125e-4,6.048391823460647e-5,0,TRUE,FALSE,0,0,0,"Nodes +
order",0.047492403228125
network_017,Core-periphery,FALSE,Full DMWA,Node + order + degree,2.766572266014958e-16,5.551115123125783e-17,0,TRUE,TRUE,0,0,-0.3936882622431197,"Nodes +
order + degree",2.766572266014958e-14
network_018,Modular,FALSE,Full DMWA,Node,0.00699342714429386,5.2642307995881e-4,0,TRUE,FALSE,0,7.620223440334045e-5,-0.3653133199329214,Nodes,0.699342714429386
network_018,Modular,FALSE,Full DMWA,Node + order,6.4778776275129e-4,8.927001101743243e-5,0,TRUE,FALSE,0,0,2.839167360996419e-17,"Nodes +
order",0.064778776275129
network_018,Modular,FALSE,Full DMWA,Node + order + degree,2.306100155392219e-16,5.551115123125783e-17,0,TRUE,TRUE,0,0,-0.36294130614107323,"Nodes +
order + degree",2.3061001553922188e-14
network_019,Random,FALSE,Full DMWA,Node,0.01680190390954596,0.00135918319580137,0,TRUE,FALSE,0,7.541273452547933e-5,-0.3836477742295344,Nodes,1.6801903909545959
network_019,Random,FALSE,Full DMWA,Node + order,9.9993444385799e-4,1.3123734031754e-4,0,TRUE,FALSE,0,0,0,"Nodes +
order",0.09999344438579899
network_019,Random,FALSE,Full DMWA,Node + order + degree,1.9193890093979832e-16,4.163336342344337e-17,0,TRUE,TRUE,0,0,-0.3707098599999856,"Nodes +
order + degree",1.9193890093979832e-14
network_020,Core-periphery,FALSE,Full DMWA,Node,0.00246304536429269,3.0099403425087e-4,0,TRUE,FALSE,0,3.7581860675048217e-6,-0.42342388396787,Nodes,0.24630453642926897
network_020,Core-periphery,FALSE,Full DMWA,Node + order,5.571973103122e-4,7.289264039377422e-5,0,TRUE,FALSE,0,0,0,"Nodes +
order",0.05571973103122
network_020,Core-periphery,FALSE,Full DMWA,Node + order + degree,2.068255600220804e-16,5.551115123125783e-17,0,TRUE,TRUE,0,0,-0.4241807167756891,"Nodes +
order + degree",2.068255600220804e-14
network_021,Modular,FALSE,Full DMWA,Node,0.01686879882434617,0.00123413297582093,0,TRUE,FALSE,0,1.1435205160906e-4,-0.4386877489338442,Nodes,1.686879882434617
network_021,Modular,FALSE,Full DMWA,Node + order,7.4563454599537e-4,1.0380747956179e-4,0,TRUE,FALSE,0,0,1.0235543957948322e-16,"Nodes +
order",0.074563454599537
network_021,Modular,FALSE,Full DMWA,Node + order + degree,2.3350958278325564e-16,3.4694469519536136e-17,0,TRUE,TRUE,0,0,-0.4238883285193204,"Nodes +
order + degree",2.3350958278325564e-14
network_022,Random,FALSE,Full DMWA,Node,0.01408971316174502,0.00163800581418497,0,TRUE,FALSE,0,9.69814144471767e-5,-0.4084102267829185,Nodes,1.408971316174502
network_022,Random,FALSE,Full DMWA,Node + order,7.1640269672991e-4,1.0119949321047e-4,0,TRUE,FALSE,0,0,3.3045751651441173e-16,"Nodes +
order",0.071640269672991
network_022,Random,FALSE,Full DMWA,Node + order + degree,1.884195316660016e-16,5.551115123125783e-17,0,TRUE,TRUE,0,0,-0.3970302975791765,"Nodes +
order + degree",1.884195316660016e-14
network_023,Core-periphery,FALSE,Full DMWA,Node,0.00707297501967022,6.5763192166984e-4,0,TRUE,FALSE,0,9.295897369970668e-5,-0.38931993521481617,Nodes,0.707297501967022
network_023,Core-periphery,FALSE,Full DMWA,Node + order,0.00100913676757325,1.6031734901547e-4,0,TRUE,FALSE,0,0,0,"Nodes +
order",0.100913676757325
network_023,Core-periphery,FALSE,Full DMWA,Node + order + degree,2.858366281184196e-16,5.551115123125783e-17,0,TRUE,TRUE,0,0,-0.3853704504069967,"Nodes +
order + degree",2.8583662811841963e-14
network_024,Modular,FALSE,Full DMWA,Node,0.00882756984549926,0.00110996865097895,0,TRUE,FALSE,0,4.793271377078306e-5,-0.2764107979406487,Nodes,0.8827569845499259
network_024,Modular,FALSE,Full DMWA,Node + order,4.0124174939218e-4,5.61433464506822e-5,0,TRUE,FALSE,0,0,1.288546883994039e-16,"Nodes +
order",0.040124174939218
network_024,Modular,FALSE,Full DMWA,Node + order + degree,3.0515296693947927e-16,5.551115123125783e-17,0,TRUE,TRUE,0,0,-0.2723721616828856,"Nodes +
order + degree",3.0515296693947925e-14
network_025,Random,FALSE,Full DMWA,Node,0.01467402349032968,0.00172149184164919,0,TRUE,FALSE,0,1.9032847271995e-4,-0.40785285051400694,Nodes,1.467402349032968
network_025,Random,FALSE,Full DMWA,Node + order,0.00149996661258391,2.4791032294405e-4,0,TRUE,FALSE,0,6.821654185989095e-5,1.8261135623610848e-16,"Nodes +
order",0.149996661258391
network_025,Random,FALSE,Full DMWA,Node + order + degree,2.837198526164787e-16,6.938893903907227e-17,0,TRUE,TRUE,0,0,-0.39581187655348093,"Nodes +
order + degree",2.837198526164787e-14
network_026,Core-periphery,FALSE,Full DMWA,Node,0.00400570254677395,3.5170325484697e-4,0,TRUE,FALSE,0,5.707535260499154e-5,-0.4299769056496656,Nodes,0.400570254677395
network_026,Core-periphery,FALSE,Full DMWA,Node + order,3.8297743906703e-4,6.815194028985533e-5,0,TRUE,FALSE,0,2.0153197261498313e-5,-8.159082125324832e-17,"Nodes +
order",0.038297743906703
network_026,Core-periphery,FALSE,Full DMWA,Node + order + degree,2.0920700066888384e-16,4.163336342344337e-17,0,TRUE,TRUE,0,0,-0.43285319855540494,"Nodes +
order + degree",2.0920700066888385e-14
network_027,Modular,FALSE,Full DMWA,Node,0.0066125091977728,6.6118266551684e-4,0,TRUE,FALSE,0,1.7103476679969e-4,-0.3885887393704639,Nodes,0.66125091977728
network_027,Modular,FALSE,Full DMWA,Node + order,6.8852857795878e-4,1.1643404749039e-4,0,TRUE,FALSE,0,5.6845447809656505e-5,1.986031226604898e-16,"Nodes +
order",0.068852857795878
network_027,Modular,FALSE,Full DMWA,Node + order + degree,2.2524242063160296e-16,2.775557561562891e-17,0,TRUE,TRUE,0,0,-0.3862066964883545,"Nodes +
order + degree",2.2524242063160295e-14
network_028,Random,FALSE,Full DMWA,Node,0.02809320943764683,0.00236161084890861,0,TRUE,FALSE,0,1.4932099024413e-4,-0.3801466347739104,Nodes,2.809320943764683
network_028,Random,FALSE,Full DMWA,Node + order,9.8316006197177e-4,1.391235381936e-4,0,TRUE,FALSE,0,0,4.314444014100721e-17,"Nodes +
order",0.09831600619717701
network_028,Random,FALSE,Full DMWA,Node + order + degree,2.29207153609919e-16,4.163336342344337e-17,0,TRUE,TRUE,0,0,-0.36019923288799366,"Nodes +
order + degree",2.29207153609919e-14
network_029,Core-periphery,FALSE,Full DMWA,Node,0.00427251521922097,5.2838162180434e-4,0,TRUE,FALSE,0,9.548043981456504e-5,-0.3882725226885456,Nodes,0.427251521922097
network_029,Core-periphery,FALSE,Full DMWA,Node + order,6.5721702748217e-4,9.444213486896336e-5,0,TRUE,FALSE,0,3.935100702230567e-5,1.495244952937689e-16,"Nodes +
order",0.065721702748217
network_029,Core-periphery,FALSE,Full DMWA,Node + order + degree,1.986811469382648e-16,4.163336342344337e-17,0,TRUE,TRUE,0,0,-0.3892850819455138,"Nodes +
order + degree",1.986811469382648e-14
network_030,Modular,FALSE,Full DMWA,Node,0.00269361108707044,3.1041716499639e-4,0,TRUE,FALSE,0,4.140496272411873e-5,-0.42998406308807896,Nodes,0.269361108707044
network_030,Modular,FALSE,Full DMWA,Node + order,4.6111341994566e-4,6.419013730794149e-5,0,TRUE,FALSE,0,1.8514668804276103e-5,3.870383828688135e-17,"Nodes +
order",0.046111341994566
network_030,Modular,FALSE,Full DMWA,Node + order + degree,3.1185085588714664e-16,6.938893903907227e-17,0,TRUE,TRUE,0,0,-0.4291495155686563,"Nodes +
order + degree",3.118508558871466e-14
network_031,Random,FALSE,Full DMWA,Node,0.01253912889797776,0.00123418677608257,0,TRUE,FALSE,0,1.488748591872e-4,-0.357649692835583,Nodes,1.253912889797776
network_031,Random,FALSE,Full DMWA,Node + order,0.00104538653347628,1.2865665540101e-4,0,TRUE,FALSE,0,0,1.8508128564899908e-16,"Nodes +
order",0.104538653347628
network_031,Random,FALSE,Full DMWA,Node + order + degree,2.2349180334165446e-16,5.551115123125783e-17,0,TRUE,TRUE,0,0,-0.34960721597642364,"Nodes +
order + degree",2.2349180334165446e-14
network_032,Core-periphery,FALSE,Full DMWA,Node,0.00809338133772601,8.3131772380073e-4,0,TRUE,FALSE,0,1.1653022540388386e-5,-0.3046072224028815,Nodes,0.8093381337726011
network_032,Core-periphery,FALSE,Full DMWA,Node + order,6.2977813977216e-4,9.83167115483248e-5,0,TRUE,FALSE,0,0,0,"Nodes +
order",0.062977813977216
network_032,Core-periphery,FALSE,Full DMWA,Node + order + degree,2.3082673293606504e-16,4.163336342344337e-17,0,TRUE,TRUE,0,0,-0.3006625945035959,"Nodes +
order + degree",2.3082673293606506e-14
network_033,Modular,FALSE,Full DMWA,Node,0.02695708595538281,0.00256711113252883,0,TRUE,FALSE,0,9.590636181912002e-5,-0.3770022139560042,Nodes,2.695708595538281
network_033,Modular,FALSE,Full DMWA,Node + order,0.00136413470186434,1.8847939391392e-4,0,TRUE,FALSE,0,0,8.898055726162441e-17,"Nodes +
order",0.136413470186434
network_033,Modular,FALSE,Full DMWA,Node + order + degree,2.826318913757547e-16,5.551115123125783e-17,0,TRUE,TRUE,0,0,-0.3570649012457488,"Nodes +
order + degree",2.8263189137575472e-14
network_034,Random,FALSE,Full DMWA,Node,0.01612752403640617,0.00149943254871152,0,TRUE,FALSE,0,9.244211542138737e-5,-0.4358330953890533,Nodes,1.6127524036406171
network_034,Random,FALSE,Full DMWA,Node + order,0.00103238687108191,1.4764806879184e-4,0,TRUE,FALSE,0,0,2.077445640490469e-16,"Nodes +
order",0.10323868710819101
network_034,Random,FALSE,Full DMWA,Node + order + degree,2.1147695354270586e-16,4.163336342344337e-17,0,TRUE,TRUE,0,0,-0.4213140815019022,"Nodes +
order + degree",2.1147695354270587e-14
network_035,Core-periphery,FALSE,Full DMWA,Node,0.01400113712277368,0.00146904187009416,0,TRUE,FALSE,0,1.818504111047209e-5,-0.3837945662446701,Nodes,1.4001137122773681
network_035,Core-periphery,FALSE,Full DMWA,Node + order,0.00107274948491643,1.5722196017525e-4,0,TRUE,FALSE,0,0,1.4913781039488286e-16,"Nodes +
order",0.107274948491643
network_035,Core-periphery,FALSE,Full DMWA,Node + order + degree,2.774055682618143e-16,5.551115123125783e-17,0,TRUE,TRUE,0,0,-0.3729468299267823,"Nodes +
order + degree",2.7740556826181427e-14
network_036,Modular,FALSE,Full DMWA,Node,0.00741643812972466,6.4235746309952e-4,0,TRUE,FALSE,0,2.1501094354097e-4,-0.3988771170470937,Nodes,0.741643812972466
network_036,Modular,FALSE,Full DMWA,Node + order,6.9797445193159e-4,8.10684959330274e-5,0,TRUE,FALSE,0,7.068669459782344e-5,1.2626262284535963e-16,"Nodes +
order",0.069797445193159
network_036,Modular,FALSE,Full DMWA,Node + order + degree,1.962062669048991e-16,4.163336342344337e-17,0,TRUE,TRUE,0,0,-0.39661428733609577,"Nodes +
order + degree",1.962062669048991e-14
network_037,Random,FALSE,Full DMWA,Node,0.01299886687007912,0.00149143253040497,0,TRUE,FALSE,0,8.574069887802142e-5,-0.3798457284101808,Nodes,1.299886687007912
network_037,Random,FALSE,Full DMWA,Node + order,7.6158222176087e-4,1.0250314128802e-4,0,TRUE,FALSE,0,0,8.644547909070861e-17,"Nodes +
order",0.076158222176087
network_037,Random,FALSE,Full DMWA,Node + order + degree,2.4115403861902493e-16,5.551115123125783e-17,0,TRUE,TRUE,0,0,-0.3703326987522147,"Nodes +
order + degree",2.4115403861902493e-14
network_038,Core-periphery,FALSE,Full DMWA,Node,0.00584908798403945,4.7865696901247e-4,0,TRUE,FALSE,0,6.717509828786283e-5,-0.4187112052335069,Nodes,0.5849087984039449
network_038,Core-periphery,FALSE,Full DMWA,Node + order,4.2826687490598e-4,5.1688570062782824e-5,0,TRUE,FALSE,0,0,2.621600853069949e-16,"Nodes +
order",0.042826687490597995
network_038,Core-periphery,FALSE,Full DMWA,Node + order + degree,1.82237147189044e-16,4.163336342344337e-17,0,TRUE,TRUE,0,0,-0.4151810184958266,"Nodes +
order + degree",1.82237147189044e-14
network_039,Modular,FALSE,Full DMWA,Node,0.01309513374476677,0.00135877443551782,0,TRUE,FALSE,0,1.0074594266562e-4,-0.4233414622267204,Nodes,1.309513374476677
network_039,Modular,FALSE,Full DMWA,Node + order,7.1408817003573e-4,8.04383881342352e-5,0,TRUE,FALSE,0,0,1.4743576740434875e-16,"Nodes +
order",0.07140881700357299
network_039,Modular,FALSE,Full DMWA,Node + order + degree,2.1574193274240254e-16,4.163336342344337e-17,0,TRUE,TRUE,0,0,-0.4126634046168076,"Nodes +
order + degree",2.1574193274240254e-14
network_040,Random,FALSE,Full DMWA,Node,0.00484727245185346,6.9020180760216e-4,0,TRUE,FALSE,0,7.103597912043386e-6,-0.349489926162838,Nodes,0.484727245185346
network_040,Random,FALSE,Full DMWA,Node + order,0.00119859068472054,2.2975091398273e-4,0,TRUE,FALSE,0,0,0,"Nodes +
order",0.119859068472054
network_040,Random,FALSE,Full DMWA,Node + order + degree,3.3024185010411404e-16,8.326672684688674e-17,0,TRUE,TRUE,0,0,-0.3512384366839504,"Nodes +
order + degree",3.3024185010411404e-14
network_041,Core-periphery,FALSE,Full DMWA,Node,0.00448085553487883,7.656102109886e-4,0,TRUE,FALSE,0,3.7130546681666393e-6,-0.326504374773821,Nodes,0.44808555348788304
network_041,Core-periphery,FALSE,Full DMWA,Node + order,0.00100285672848964,2.1366413664192e-4,0,TRUE,FALSE,0,0,0,"Nodes +
order",0.100285672848964
network_041,Core-periphery,FALSE,Full DMWA,Node + order + degree,2.7621997651541017e-16,5.551115123125783e-17,0,TRUE,TRUE,0,0,-0.32522900229533036,"Nodes +
order + degree",2.7621997651541016e-14
network_042,Modular,FALSE,Full DMWA,Node,0.00538520087271049,5.2146950570919e-4,0,TRUE,FALSE,0,4.703232516547505e-5,-0.44367710545857875,Nodes,0.538520087271049
network_042,Modular,FALSE,Full DMWA,Node + order,6.2648974357213e-4,5.9938770365669525e-5,0,TRUE,FALSE,0,2.1679134920366204e-5,2.007053484100972e-16,"Nodes +
order",0.062648974357213
network_042,Modular,FALSE,Full DMWA,Node + order + degree,1.920101213926025e-16,4.163336342344337e-17,0,TRUE,TRUE,0,0,-0.4398366397906085,"Nodes +
order + degree",1.920101213926025e-14
network_043,Random,FALSE,Full DMWA,Node,0.05265882350580508,0.00618464150315017,0,TRUE,FALSE,0,9.201219748002985e-5,-0.24628148840051756,Nodes,5.265882350580508
network_043,Random,FALSE,Full DMWA,Node + order,7.0250537658148e-4,1.5076956624792e-4,0,TRUE,FALSE,0,0,1.6703881459507167e-17,"Nodes +
order",0.07025053765814801
network_043,Random,FALSE,Full DMWA,Node + order + degree,2.491917382315631e-16,5.551115123125783e-17,0,TRUE,TRUE,0,0,-0.22137860482999128,"Nodes +
order + degree",2.491917382315631e-14
network_044,Core-periphery,FALSE,Full DMWA,Node,0.0093839599993331,8.9197748165893e-4,0,TRUE,FALSE,0,2.754475399396556e-5,-0.3975783987206056,Nodes,0.93839599993331
network_044,Core-periphery,FALSE,Full DMWA,Node + order,8.7211418299711e-4,8.597115505556974e-5,0,TRUE,FALSE,0,0,1.0727680879654083e-16,"Nodes +
order",0.087211418299711
network_044,Core-periphery,FALSE,Full DMWA,Node + order + degree,2.8805540224176503e-16,6.938893903907227e-17,0,TRUE,TRUE,0,0,-0.3914270445447728,"Nodes +
order + degree",2.8805540224176505e-14
network_045,Modular,FALSE,Full DMWA,Node,0.0084000689521679,0.0010746097498875,0,TRUE,FALSE,0,8.263301721178653e-6,-0.3172904983155189,Nodes,0.8400068952167901
network_045,Modular,FALSE,Full DMWA,Node + order,6.1887713268743e-4,1.0662519067368e-4,0,TRUE,FALSE,0,0,6.52631198745442e-17,"Nodes +
order",0.061887713268743004
network_045,Modular,FALSE,Full DMWA,Node + order + degree,2.5550438797631827e-16,4.163336342344337e-17,0,TRUE,TRUE,0,0,-0.31477876116381653,"Nodes +
order + degree",2.5550438797631826e-14
network_046,Random,FALSE,Full DMWA,Node,0.02015685091247339,0.00184720488721233,0,TRUE,FALSE,0,1.381794390956e-4,-0.4361817302682786,Nodes,2.015685091247339
network_046,Random,FALSE,Full DMWA,Node + order,0.00100700699364804,1.0660043612301e-4,0,TRUE,FALSE,0,0,3.1839320739682286e-16,"Nodes +
order",0.10070069936480398
network_046,Random,FALSE,Full DMWA,Node + order + degree,1.9887188629780546e-16,5.551115123125783e-17,0,TRUE,TRUE,0,0,-0.4176257112626417,"Nodes +
order + degree",1.9887188629780546e-14
network_047,Core-periphery,FALSE,Full DMWA,Node,0.02039868989785023,0.00220418660446732,0,TRUE,FALSE,0,2.164320671946772e-5,-0.3081582546273434,Nodes,2.039868989785023
network_047,Core-periphery,FALSE,Full DMWA,Node + order,0.00175318289749929,3.128532741399e-4,0,TRUE,FALSE,0,0,1.3910631523671022e-16,"Nodes +
order",0.175318289749929
network_047,Core-periphery,FALSE,Full DMWA,Node + order + degree,2.7123289342806793e-16,5.551115123125783e-17,0,TRUE,TRUE,0,0,-0.2959761021353898,"Nodes +
order + degree",2.7123289342806792e-14
network_048,Modular,FALSE,Full DMWA,Node,0.00493584878305609,5.4411833775646e-4,0,TRUE,FALSE,0,1.5043326690268e-4,-0.45415321750420473,Nodes,0.493584878305609
network_048,Modular,FALSE,Full DMWA,Node + order,2.3565743958716e-4,4.1640626600225605e-5,0,TRUE,FALSE,0,3.614062665975453e-5,1.7117583210890735e-16,"Nodes +
order",0.023565743958716
network_048,Modular,FALSE,Full DMWA,Node + order + degree,2.0334981736886087e-16,4.163336342344337e-17,0,TRUE,TRUE,0,0,-0.4513889551412755,"Nodes +
order + degree",2.0334981736886088e-14
network_049,Random,FALSE,Full DMWA,Node,0.01904359066794894,0.00192579168295689,0,TRUE,FALSE,0,8.39164581092777e-5,-0.41319659569168354,Nodes,1.9043590667948938
network_049,Random,FALSE,Full DMWA,Node + order,7.751249330718e-4,7.690173860994826e-5,0,TRUE,FALSE,0,0,6.761924105120314e-18,"Nodes +
order",0.07751249330718
network_049,Random,FALSE,Full DMWA,Node + order + degree,2.154469693103689e-16,4.163336342344337e-17,0,TRUE,TRUE,0,0,-0.3972208754495931,"Nodes +
order + degree",2.1544696931036892e-14
network_050,Core-periphery,FALSE,Full DMWA,Node,0.00523021484531185,4.7589313544894e-4,0,TRUE,FALSE,0,8.135664987585225e-5,-0.40642753751347344,Nodes,0.523021484531185
network_050,Core-periphery,FALSE,Full DMWA,Node + order,6.8775526725039e-4,1.092961417052e-4,0,TRUE,FALSE,0,0,2.3746534969091433e-16,"Nodes +
order",0.06877552672503899
network_050,Core-periphery,FALSE,Full DMWA,Node + order + degree,2.1668244968341543e-16,5.551115123125783e-17,0,TRUE,TRUE,0,0,-0.4022702434889856,"Nodes +
order + degree",2.1668244968341543e-14
network_051,Modular,FALSE,Full DMWA,Node,0.00502145105745929,5.7506871180038e-4,0,TRUE,FALSE,0,3.696156349784187e-6,-0.4315239750941865,Nodes,0.502145105745929
network_051,Modular,FALSE,Full DMWA,Node + order,0.00136343374894683,1.9037148948235e-4,0,TRUE,FALSE,0,0,0,"Nodes +
order",0.13634337489468298
network_051,Modular,FALSE,Full DMWA,Node + order + degree,1.9577340287088754e-16,2.775557561562891e-17,0,TRUE,TRUE,0,0,-0.42812377760150294,"Nodes +
order + degree",1.9577340287088754e-14
network_052,Random,FALSE,Full DMWA,Node,0.01069836515854232,0.00150367132903471,0,TRUE,FALSE,0,1.1226348121701e-4,-0.4101826978790474,Nodes,1.069836515854232
network_052,Random,FALSE,Full DMWA,Node + order,6.8381724058495e-4,9.156670470160735e-5,0,TRUE,FALSE,0,0,5.811093776394581e-17,"Nodes +
order",0.068381724058495
network_052,Random,FALSE,Full DMWA,Node + order + degree,2.0678547189401974e-16,5.551115123125783e-17,0,TRUE,TRUE,0,0,-0.4033621315273128,"Nodes +
order + degree",2.0678547189401975e-14
network_053,Core-periphery,FALSE,Full DMWA,Node,0.00454333077950598,5.4129377409672e-4,0,TRUE,FALSE,0,2.5020080611244704e-5,-0.42872103091423086,Nodes,0.45433307795059796
network_053,Core-periphery,FALSE,Full DMWA,Node + order,4.4058169862347e-4,5.8210803685204704e-5,0,TRUE,FALSE,0,0,0,"Nodes +
order",0.044058169862347
network_053,Core-periphery,FALSE,Full DMWA,Node + order + degree,2.4034023868677663e-16,5.551115123125783e-17,0,TRUE,TRUE,0,0,-0.4327939604535831,"Nodes +
order + degree",2.4034023868677663e-14
network_054,Modular,FALSE,Full DMWA,Node,0.00193036156922305,2.0366533120437e-4,0,TRUE,FALSE,0,4.0046981872645075e-5,-0.42771352048928263,Nodes,0.193036156922305
network_054,Modular,FALSE,Full DMWA,Node + order,5.0369486548769e-4,5.216422621017597e-5,0,TRUE,FALSE,0,1.812092257338418e-5,1.1627519129802611e-16,"Nodes +
order",0.05036948654876901
network_054,Modular,FALSE,Full DMWA,Node + order + degree,1.7869056064036735e-16,4.163336342344337e-17,0,TRUE,TRUE,0,0,-0.42713351270336825,"Nodes +
order + degree",1.7869056064036734e-14
network_055,Random,FALSE,Full DMWA,Node,0.00541146488131262,5.3756126589549e-4,0,TRUE,FALSE,0,1.201255056305e-4,-0.4398022179599923,Nodes,0.541146488131262
network_055,Random,FALSE,Full DMWA,Node + order,7.4912245617899e-4,8.482453195536588e-5,0,TRUE,FALSE,0,5.507614624072418e-5,2.239784545104014e-17,"Nodes +
order",0.074912245617899
network_055,Random,FALSE,Full DMWA,Node + order + degree,2.277275280087195e-16,5.551115123125783e-17,0,TRUE,TRUE,0,0,-0.43520601058572195,"Nodes +
order + degree",2.277275280087195e-14
network_056,Core-periphery,FALSE,Full DMWA,Node,0.00514496834456925,6.2814381031019e-4,0,TRUE,FALSE,0,1.497283370522468e-5,-0.4378313795265859,Nodes,0.514496834456925
network_056,Core-periphery,FALSE,Full DMWA,Node + order,2.8576063374536e-4,4.3464106168830674e-5,0,TRUE,FALSE,0,0,0,"Nodes +
order",0.028576063374535998
network_056,Core-periphery,FALSE,Full DMWA,Node + order + degree,2.2112378545585862e-16,5.551115123125783e-17,0,TRUE,TRUE,0,0,-0.4425997948300964,"Nodes +
order + degree",2.2112378545585862e-14
network_057,Modular,FALSE,Full DMWA,Node,0.02168676223557563,0.00214518535896793,0,TRUE,FALSE,0,3.262132615937835e-5,-0.3938944036311002,Nodes,2.168676223557563
network_057,Modular,FALSE,Full DMWA,Node + order,0.00130032763531291,1.9650932276502e-4,0,TRUE,FALSE,0,0,5.639813519052262e-17,"Nodes +
order",0.13003276353129098
network_057,Modular,FALSE,Full DMWA,Node + order + degree,2.412288344967287e-16,4.163336342344337e-17,0,TRUE,TRUE,0,0,-0.3758293441166877,"Nodes +
order + degree",2.412288344967287e-14
network_058,Random,FALSE,Full DMWA,Node,0.02743441876349717,0.00235117530347874,0,TRUE,FALSE,0,3.456044471790741e-5,-0.29807412975705483,Nodes,2.743441876349717
network_058,Random,FALSE,Full DMWA,Node + order,9.3062377992738e-4,1.349095653506e-4,0,TRUE,FALSE,0,0,6.380114967112972e-17,"Nodes +
order",0.09306237799273799
network_058,Random,FALSE,Full DMWA,Node + order + degree,2.8544171089973013e-16,5.551115123125783e-17,0,TRUE,TRUE,0,0,-0.2817489829435076,"Nodes +
order + degree",2.854417108997301e-14
network_059,Core-periphery,FALSE,Full DMWA,Node,0.00368293559656124,2.7345280713278e-4,0,TRUE,FALSE,0,1.3318243834286e-4,-0.430880377909834,Nodes,0.36829355965612404
network_059,Core-periphery,FALSE,Full DMWA,Node + order,6.8576994636278e-4,8.237995667875753e-5,0,TRUE,FALSE,0,0,0,"Nodes +
order",0.068576994636278
network_059,Core-periphery,FALSE,Full DMWA,Node + order + degree,1.9307233545742336e-16,4.163336342344337e-17,0,TRUE,TRUE,0,0,-0.4283350563690934,"Nodes +
order + degree",1.9307233545742338e-14
network_060,Modular,FALSE,Full DMWA,Node,0.00402115402631256,5.2890292214652e-4,0,TRUE,FALSE,0,5.821121137535632e-5,-0.4401466145934245,Nodes,0.40211540263125595
network_060,Modular,FALSE,Full DMWA,Node + order,3.9219944724888e-4,6.705875103049652e-5,0,TRUE,FALSE,0,2.6050967917503142e-5,2.793143138537625e-16,"Nodes +
order",0.039219944724887996
network_060,Modular,FALSE,Full DMWA,Node + order + degree,1.9941627219672112e-16,3.4694469519536136e-17,0,TRUE,TRUE,0,0,-0.4384766518952087,"Nodes +
order + degree",1.9941627219672113e-14
network_061,Random,FALSE,Full DMWA,Node,0.00367345297168821,4.8311733898776e-4,0,TRUE,FALSE,0,9.828984517300495e-5,-0.3956301699820789,Nodes,0.36734529716882103
network_061,Random,FALSE,Full DMWA,Node + order,4.7720419663747e-4,6.687233367122514e-5,0,TRUE,FALSE,0,0,8.748503747026102e-17,"Nodes +
order",0.047720419663747
network_061,Random,FALSE,Full DMWA,Node + order + degree,2.6462072117096528e-16,5.551115123125783e-17,0,TRUE,TRUE,0,0,-0.3957578339617147,"Nodes +
order + degree",2.646207211709653e-14
network_062,Core-periphery,FALSE,Full DMWA,Node,0.00506771839865556,4.0885787967907e-4,0,TRUE,FALSE,0,4.100725449241927e-5,-0.4304421558305564,Nodes,0.506771839865556
network_062,Core-periphery,FALSE,Full DMWA,Node + order,9.3182453038632e-4,1.5649770716548e-4,0,TRUE,FALSE,0,0,0,"Nodes +
order",0.093182453038632
network_062,Core-periphery,FALSE,Full DMWA,Node + order + degree,2.0827657972392967e-16,5.551115123125783e-17,0,TRUE,TRUE,0,0,-0.42647258797540105,"Nodes +
order + degree",2.0827657972392967e-14
network_063,Modular,FALSE,Full DMWA,Node,0.01465040823199427,0.00114309611996447,0,TRUE,FALSE,0,3.4854852166069e-4,-0.4890122633510654,Nodes,1.465040823199427
network_063,Modular,FALSE,Full DMWA,Node + order,5.832889077713e-4,7.796241223442801e-5,0,TRUE,FALSE,0,1.5406380439503e-4,4.25927836636757e-16,"Nodes +
order",0.05832889077713
network_063,Modular,FALSE,Full DMWA,Node + order + degree,1.9913686163341262e-16,3.4694469519536136e-17,0,TRUE,TRUE,0,0,-0.47410962766695647,"Nodes +
order + degree",1.991368616334126e-14
network_064,Random,FALSE,Full DMWA,Node,0.01508840139956223,0.00163045820590772,0,TRUE,FALSE,0,8.481176248914458e-5,-0.4127358491900059,Nodes,1.508840139956223
network_064,Random,FALSE,Full DMWA,Node + order,9.2667692353377e-4,1.2058616696788e-4,0,TRUE,FALSE,0,0,5.667305177316779e-17,"Nodes +
order",0.092667692353377
network_064,Random,FALSE,Full DMWA,Node + order + degree,1.999901917107195e-16,4.163336342344337e-17,0,TRUE,TRUE,0,0,-0.40128729666818463,"Nodes +
order + degree",1.999901917107195e-14
network_065,Core-periphery,FALSE,Full DMWA,Node,0.00287687470307146,3.4656907532966e-4,0,TRUE,FALSE,0,1.0824607533556e-4,-0.41539641493563273,Nodes,0.28768747030714603
network_065,Core-periphery,FALSE,Full DMWA,Node + order,4.7002633921962e-4,6.938158744483613e-5,0,TRUE,FALSE,0,0,0,"Nodes +
order",0.047002633921962
network_065,Core-periphery,FALSE,Full DMWA,Node + order + degree,1.9777270312995216e-16,5.551115123125783e-17,0,TRUE,TRUE,0,0,-0.41444539294154814,"Nodes +
order + degree",1.9777270312995216e-14
network_066,Modular,FALSE,Full DMWA,Node,0.00449799797885307,5.1416879281604e-4,0,TRUE,FALSE,0,1.2220621438533e-4,-0.4203824537554729,Nodes,0.449799797885307
network_066,Modular,FALSE,Full DMWA,Node + order,3.0961811829795e-4,4.353832233521676e-5,0,TRUE,FALSE,0,6.027409020497828e-5,-3.6160917188971164e-16,"Nodes +
order",0.030961811829795
network_066,Modular,FALSE,Full DMWA,Node + order + degree,2.4104775358032973e-16,5.551115123125783e-17,0,TRUE,TRUE,0,0,-0.41823621506645714,"Nodes +
order + degree",2.4104775358032973e-14
network_067,Random,FALSE,Full DMWA,Node,0.02264421593917607,0.00257276512931749,0,TRUE,FALSE,0,1.456056264449e-4,-0.4209006082643516,Nodes,2.264421593917607
network_067,Random,FALSE,Full DMWA,Node + order,0.00151163471008036,2.0096427729361e-4,0,TRUE,FALSE,0,0,1.0868138911466972e-16,"Nodes +
order",0.15116347100803598
network_067,Random,FALSE,Full DMWA,Node + order + degree,2.4754393974104384e-16,5.551115123125783e-17,0,TRUE,TRUE,0,0,-0.4010668876470302,"Nodes +
order + degree",2.4754393974104385e-14
network_068,Core-periphery,FALSE,Full DMWA,Node,0.01009866819544296,6.7470720389691e-4,0,TRUE,FALSE,0,2.2346235317009e-4,-0.4073677286786235,Nodes,1.0098668195442961
network_068,Core-periphery,FALSE,Full DMWA,Node + order,5.0312063530115e-4,6.63534253466172e-5,0,TRUE,FALSE,0,0,4.6941944093239954e-18,"Nodes +
order",0.050312063530115005
network_068,Core-periphery,FALSE,Full DMWA,Node + order + degree,1.9220978642550502e-16,5.551115123125783e-17,0,TRUE,TRUE,0,0,-0.3998591619262377,"Nodes +
order + degree",1.92209786425505e-14
network_069,Modular,FALSE,Full DMWA,Node,0.01340117171030457,0.0013333133453349,0,TRUE,FALSE,0,1.785019048584e-4,-0.345775996369298,Nodes,1.3401171710304571
network_069,Modular,FALSE,Full DMWA,Node + order,4.1185696637526e-4,7.016115333059736e-5,0,TRUE,FALSE,0,0,1.1138074232090665e-16,"Nodes +
order",0.041185696637526
network_069,Modular,FALSE,Full DMWA,Node + order + degree,2.46789367973586e-16,4.163336342344337e-17,0,TRUE,TRUE,0,0,-0.33982877876521156,"Nodes +
order + degree",2.46789367973586e-14
network_070,Random,FALSE,Full DMWA,Node,0.0266717948399334,0.00215377586190946,0,TRUE,FALSE,0,1.8689797664091e-4,-0.4415761847912294,Nodes,2.66717948399334
network_070,Random,FALSE,Full DMWA,Node + order,0.0016881248790441,1.7763286479319e-4,0,TRUE,FALSE,0,0,7.328088461704345e-17,"Nodes +
order",0.16881248790441
network_070,Random,FALSE,Full DMWA,Node + order + degree,2.0192412050265103e-16,4.163336342344337e-17,0,TRUE,TRUE,0,0,-0.41565170530374473,"Nodes +
order + degree",2.0192412050265105e-14
network_071,Core-periphery,FALSE,Full DMWA,Node,0.01776919550471537,0.00224501531652925,0,TRUE,FALSE,0,3.503022389808158e-5,-0.3354474514107917,Nodes,1.7769195504715372
network_071,Core-periphery,FALSE,Full DMWA,Node + order,0.00113690397744231,2.179054900574e-4,0,TRUE,FALSE,0,0,0,"Nodes +
order",0.113690397744231
network_071,Core-periphery,FALSE,Full DMWA,Node + order + degree,3.6360208041216814e-16,1.1102230246251563e-16,0,TRUE,TRUE,0,0,-0.3236301905358555,"Nodes +
order + degree",3.636020804121681e-14
network_072,Modular,FALSE,Full DMWA,Node,0.0112014876399555,0.0012368988116098,0,TRUE,FALSE,0,1.3501241359244e-4,-0.44659236184411255,Nodes,1.1201487639955499
network_072,Modular,FALSE,Full DMWA,Node + order,0.0011478148246814,1.3320161445071e-4,0,TRUE,FALSE,0,0,0,"Nodes +
order",0.11478148246814
network_072,Modular,FALSE,Full DMWA,Node + order + degree,1.8883153186950879e-16,4.163336342344337e-17,0,TRUE,TRUE,0,0,-0.4361878481214695,"Nodes +
order + degree",1.888315318695088e-14
network_073,Random,FALSE,Full DMWA,Node,0.01561674727861066,0.00131618802330996,0,TRUE,FALSE,0,1.017630596006e-4,-0.37634724446477974,Nodes,1.561674727861066
network_073,Random,FALSE,Full DMWA,Node + order,0.00149165916949324,1.688717452332e-4,0,TRUE,FALSE,0,0,3.5308606677424156e-16,"Nodes +
order",0.149165916949324
network_073,Random,FALSE,Full DMWA,Node + order + degree,2.2099293260331976e-16,5.551115123125783e-17,0,TRUE,TRUE,0,0,-0.3647693485427565,"Nodes +
order + degree",2.2099293260331974e-14
network_074,Core-periphery,FALSE,Full DMWA,Node,0.0057114671701471,6.8857425008445e-4,0,TRUE,FALSE,0,7.461912066917354e-6,-0.3592207389599531,Nodes,0.57114671701471
network_074,Core-periphery,FALSE,Full DMWA,Node + order,0.0011849069866774,2.4579102330986e-4,0,TRUE,FALSE,0,0,0,"Nodes +
order",0.11849069866774001
network_074,Core-periphery,FALSE,Full DMWA,Node + order + degree,2.6759712847859253e-16,5.551115123125783e-17,0,TRUE,TRUE,0,0,-0.35642518853218813,"Nodes +
order + degree",2.6759712847859253e-14
network_075,Modular,FALSE,Full DMWA,Node,0.00779653417203559,6.2663514757405e-4,0,TRUE,FALSE,0,8.008012752082014e-6,-0.33082793202571015,Nodes,0.779653417203559
network_075,Modular,FALSE,Full DMWA,Node + order,6.1551362713682e-4,8.74179100141953e-5,0,TRUE,FALSE,0,0,1.88758496292765e-18,"Nodes +
order",0.061551362713681994
network_075,Modular,FALSE,Full DMWA,Node + order + degree,2.020651075990442e-16,4.163336342344337e-17,0,TRUE,TRUE,0,0,-0.32724473913664276,"Nodes +
order + degree",2.020651075990442e-14
network_076,Random,FALSE,Full DMWA,Node,0.01824465235772289,0.00184348265261414,0,TRUE,FALSE,0,1.6513558085873e-4,-0.36777007684188245,Nodes,1.824465235772289
network_076,Random,FALSE,Full DMWA,Node + order,7.0211522284723e-4,8.413795219264913e-5,0,TRUE,FALSE,0,0,4.275611583915954e-17,"Nodes +
order",0.07021152228472301
network_076,Random,FALSE,Full DMWA,Node + order + degree,2.133310536421587e-16,4.163336342344337e-17,0,TRUE,TRUE,0,0,-0.3545561059523167,"Nodes +
order + degree",2.133310536421587e-14
network_077,Core-periphery,FALSE,Full DMWA,Node,0.00313580262096619,3.615966949726e-4,0,TRUE,FALSE,0,5.131091525317219e-6,-0.4199176389728064,Nodes,0.313580262096619
network_077,Core-periphery,FALSE,Full DMWA,Node + order,6.3010380501981e-4,8.752357321472476e-5,0,TRUE,FALSE,0,0,0,"Nodes +
order",0.06301038050198099
network_077,Core-periphery,FALSE,Full DMWA,Node + order + degree,1.9652246477342523e-16,4.163336342344337e-17,0,TRUE,TRUE,0,0,-0.419207114805174,"Nodes +
order + degree",1.9652246477342523e-14
network_078,Modular,FALSE,Full DMWA,Node,0.00764130332277382,8.7433225248221e-4,0,TRUE,FALSE,0,6.079916451646676e-6,-0.36932834677360554,Nodes,0.764130332277382
network_078,Modular,FALSE,Full DMWA,Node + order,7.064630895112e-4,1.0407247617566e-4,0,TRUE,FALSE,0,0,7.431697267204345e-16,"Nodes +
order",0.07064630895112001
network_078,Modular,FALSE,Full DMWA,Node + order + degree,2.3628974339160396e-16,5.551115123125783e-17,0,TRUE,TRUE,0,0,-0.365564879044218,"Nodes +
order + degree",2.3628974339160397e-14
network_079,Random,FALSE,Full DMWA,Node,0.04534091883325393,0.00447840276309564,0,TRUE,FALSE,0,6.020072472458533e-5,-0.32101087238808856,Nodes,4.534091883325393
network_079,Random,FALSE,Full DMWA,Node + order,0.00134397359443042,1.8064982132608e-4,0,TRUE,FALSE,0,0,2.09800837647608e-16,"Nodes +
order",0.134397359443042
network_079,Random,FALSE,Full DMWA,Node + order + degree,2.388503035295873e-16,5.551115123125783e-17,0,TRUE,TRUE,0,0,-0.2919632590920699,"Nodes +
order + degree",2.388503035295873e-14
network_080,Core-periphery,FALSE,Full DMWA,Node,0.00492339025178904,5.1105183487225e-4,0,TRUE,FALSE,0,6.962265971243016e-5,-0.37735095585974016,Nodes,0.492339025178904
network_080,Core-periphery,FALSE,Full DMWA,Node + order,6.6386933806787e-4,1.3171029290012e-4,0,TRUE,FALSE,0,0,0,"Nodes +
order",0.06638693380678701
network_080,Core-periphery,FALSE,Full DMWA,Node + order + degree,2.118655515552989e-16,5.551115123125783e-17,0,TRUE,TRUE,0,0,-0.3750056939063288,"Nodes +
order + degree",2.118655515552989e-14
network_081,Modular,FALSE,Full DMWA,Node,0.05932957516953646,0.00607158122916128,0,TRUE,FALSE,0,2.0671585317074e-4,-0.28067560713426337,Nodes,5.932957516953645
network_081,Modular,FALSE,Full DMWA,Node + order,0.00222824577796022,2.8406130094631e-4,0,TRUE,FALSE,0,0,0,"Nodes +
order",0.222824577796022
network_081,Modular,FALSE,Full DMWA,Node + order + degree,3.1589167772619086e-16,5.551115123125783e-17,0,TRUE,TRUE,0,0,-0.24536948032558523,"Nodes +
order + degree",3.1589167772619085e-14
network_082,Random,FALSE,Full DMWA,Node,0.00317179069439147,4.9986135960365e-4,0,TRUE,FALSE,0,2.039002213330779e-5,-0.40201909501059063,Nodes,0.317179069439147
network_082,Random,FALSE,Full DMWA,Node + order,5.7070923256694e-4,8.34847765296999e-5,0,TRUE,FALSE,0,0,0,"Nodes +
order",0.057070923256693995
network_082,Random,FALSE,Full DMWA,Node + order + degree,1.9876442923357895e-16,5.551115123125783e-17,0,TRUE,TRUE,0,0,-0.4015178451459057,"Nodes +
order + degree",1.9876442923357896e-14
network_083,Core-periphery,FALSE,Full DMWA,Node,0.01048635400360495,9.3957508103688e-4,0,TRUE,FALSE,0,1.1268492100871e-4,-0.4300392953798429,Nodes,1.048635400360495
network_083,Core-periphery,FALSE,Full DMWA,Node + order,6.414685663995e-4,1.0680206828442e-4,0,TRUE,FALSE,0,5.438456764339379e-5,1.0941592922199067e-16,"Nodes +
order",0.06414685663995
network_083,Core-periphery,FALSE,Full DMWA,Node + order + degree,1.8043435315813118e-16,4.163336342344337e-17,0,TRUE,TRUE,0,0,-0.4218653805281557,"Nodes +
order + degree",1.804343531581312e-14
network_084,Modular,FALSE,Full DMWA,Node,0.00606614301790815,4.047639413543e-4,0,TRUE,FALSE,0,1.9455309392626e-4,-0.4688960348425952,Nodes,0.606614301790815
network_084,Modular,FALSE,Full DMWA,Node + order,2.6773333596747e-4,3.147340101885762e-5,0,TRUE,FALSE,0,5.7441515208520934e-5,4.406084325015035e-16,"Nodes +
order",0.026773333596747002
network_084,Modular,FALSE,Full DMWA,Node + order + degree,1.9426934996271562e-16,4.163336342344337e-17,0,TRUE,TRUE,0,0,-0.4646665707655287,"Nodes +
order + degree",1.942693499627156e-14
network_085,Random,FALSE,Full DMWA,Node,0.01935982753766375,0.00160261691970781,0,TRUE,FALSE,0,1.77722725883e-4,-0.4372058620987546,Nodes,1.935982753766375
network_085,Random,FALSE,Full DMWA,Node + order,8.9654285292368e-4,1.3661340622039e-4,0,TRUE,FALSE,0,0,1.4979788721036831e-16,"Nodes +
order",0.089654285292368
network_085,Random,FALSE,Full DMWA,Node + order + degree,1.9762570663344643e-16,4.163336342344337e-17,0,TRUE,TRUE,0,0,-0.41978689661823054,"Nodes +
order + degree",1.9762570663344644e-14
network_086,Core-periphery,FALSE,Full DMWA,Node,0.00648218610781751,6.7689504105755e-4,0,TRUE,FALSE,0,3.707581184487851e-5,-0.40461313716078023,Nodes,0.648218610781751
network_086,Core-periphery,FALSE,Full DMWA,Node + order,3.311530431309e-4,5.867472680551322e-5,0,TRUE,FALSE,0,0,6.615025686645718e-17,"Nodes +
order",0.03311530431309
network_086,Core-periphery,FALSE,Full DMWA,Node + order + degree,2.303968459734689e-16,5.551115123125783e-17,0,TRUE,TRUE,0,0,-0.40105723854279063,"Nodes +
order + degree",2.303968459734689e-14
network_087,Modular,FALSE,Full DMWA,Node,0.01026321992974264,0.00123111759877934,0,TRUE,FALSE,0,1.8316815335595e-4,-0.4221831277461452,Nodes,1.026321992974264
network_087,Modular,FALSE,Full DMWA,Node + order,0.00114051829192264,1.5923870556547e-4,0,TRUE,FALSE,0,4.870061132411797e-5,2.6663311092777392e-16,"Nodes +
order",0.114051829192264
network_087,Modular,FALSE,Full DMWA,Node + order + degree,2.2030740572527862e-16,5.551115123125783e-17,0,TRUE,TRUE,0,0,-0.4134932815110805,"Nodes +
order + degree",2.2030740572527863e-14
network_088,Random,FALSE,Full DMWA,Node,0.0043718160437667,4.3811299281358e-4,0,TRUE,FALSE,0,4.3710685783329145e-5,-0.4378052149380919,Nodes,0.43718160437667003
network_088,Random,FALSE,Full DMWA,Node + order,6.8575294724844e-4,8.239975046034353e-5,0,TRUE,FALSE,0,0,1.846396299742814e-16,"Nodes +
order",0.068575294724844
network_088,Random,FALSE,Full DMWA,Node + order + degree,2.5900458763831663e-16,6.938893903907227e-17,0,TRUE,TRUE,0,0,-0.4350316921813936,"Nodes +
order + degree",2.5900458763831663e-14
network_089,Core-periphery,FALSE,Full DMWA,Node,0.00770382169164905,6.2835625295304e-4,0,TRUE,FALSE,0,3.870970586842536e-6,-0.4154904015397159,Nodes,0.770382169164905
network_089,Core-periphery,FALSE,Full DMWA,Node + order,4.7504272518125e-4,6.782261006633983e-5,0,TRUE,FALSE,0,0,3.779568617919185e-17,"Nodes +
order",0.047504272518125
network_089,Core-periphery,FALSE,Full DMWA,Node + order + degree,2.752317592251573e-16,5.551115123125783e-17,0,TRUE,TRUE,0,0,-0.4091893397915055,"Nodes +
order + degree",2.7523175922515733e-14
network_090,Modular,FALSE,Full DMWA,Node,0.01417151688394532,9.9028513074205e-4,0,TRUE,FALSE,0,3.3928154913878e-4,-0.4871618289749387,Nodes,1.417151688394532
network_090,Modular,FALSE,Full DMWA,Node + order,0.00104812036237993,1.3594698032139e-4,0,TRUE,FALSE,0,1.5417231263941e-4,8.786615881508602e-17,"Nodes +
order",0.104812036237993
network_090,Modular,FALSE,Full DMWA,Node + order + degree,2.089388622145937e-16,4.163336342344337e-17,0,TRUE,TRUE,0,0,-0.471887884833418,"Nodes +
order + degree",2.089388622145937e-14
network_091,Random,FALSE,Full DMWA,Node,0.01818653895557058,0.00167759524184588,0,TRUE,FALSE,0,1.5721341018901e-4,-0.3901055537064486,Nodes,1.818653895557058
network_091,Random,FALSE,Full DMWA,Node + order,0.0023310417809613,3.6890852029182e-4,0,TRUE,FALSE,0,0,3.020274791183221e-17,"Nodes +
order",0.23310417809613
network_091,Random,FALSE,Full DMWA,Node + order + degree,2.232101674863138e-16,5.551115123125783e-17,0,TRUE,TRUE,0,0,-0.37501842534688734,"Nodes +
order + degree",2.232101674863138e-14
network_092,Core-periphery,FALSE,Full DMWA,Node,0.00390279016204249,4.4295671557152e-4,0,TRUE,FALSE,0,6.802208623881578e-5,-0.4231246760276765,Nodes,0.390279016204249
network_092,Core-periphery,FALSE,Full DMWA,Node + order,6.405877798173e-4,1.2554576712167e-4,0,TRUE,FALSE,0,0,0,"Nodes +
order",0.06405877798173
network_092,Core-periphery,FALSE,Full DMWA,Node + order + degree,2.655231624552814e-16,8.326672684688674e-17,0,TRUE,TRUE,0,0,-0.4265245500972819,"Nodes +
order + degree",2.655231624552814e-14
network_093,Modular,FALSE,Full DMWA,Node,0.00712751997708961,7.3970341628258e-4,0,TRUE,FALSE,0,2.6205402721445673e-5,-0.3092677004784654,Nodes,0.712751997708961
network_093,Modular,FALSE,Full DMWA,Node + order,5.1096908600347e-4,9.718523641772532e-5,0,TRUE,FALSE,0,0,1.3706205542768105e-17,"Nodes +
order",0.051096908600347
network_093,Modular,FALSE,Full DMWA,Node + order + degree,2.8466062180947116e-16,5.551115123125783e-17,0,TRUE,TRUE,0,0,-0.3062807082475135,"Nodes +
order + degree",2.8466062180947116e-14
network_094,Random,FALSE,Full DMWA,Node,0.02282291527306296,0.00219901019226165,0,TRUE,FALSE,0,5.316926193411089e-5,-0.356038676151354,Nodes,2.2822915273062963
network_094,Random,FALSE,Full DMWA,Node + order,9.3564583349871e-4,1.6247253865253e-4,0,TRUE,FALSE,0,0,1.556210312521662e-17,"Nodes +
order",0.093564583349871
network_094,Random,FALSE,Full DMWA,Node + order + degree,1.9253528302039572e-16,4.163336342344337e-17,0,TRUE,TRUE,0,0,-0.33989866205941227,"Nodes +
order + degree",1.925352830203957e-14
network_095,Core-periphery,FALSE,Full DMWA,Node,0.00411789567299975,4.5993998270507e-4,0,TRUE,FALSE,0,1.7874329147210496e-5,-0.3965372158612792,Nodes,0.41178956729997496
network_095,Core-periphery,FALSE,Full DMWA,Node + order,5.4782324097379e-4,7.816719980677234e-5,0,TRUE,FALSE,0,0,0,"Nodes +
order",0.054782324097379
network_095,Core-periphery,FALSE,Full DMWA,Node + order + degree,1.9175088836673454e-16,4.163336342344337e-17,0,TRUE,TRUE,0,0,-0.3990987992116499,"Nodes +
order + degree",1.9175088836673453e-14
network_096,Modular,FALSE,Full DMWA,Node,0.00883329660456657,6.9141366063033e-4,0,TRUE,FALSE,0,2.8572745838093e-4,-0.4101030783357953,Nodes,0.883329660456657
network_096,Modular,FALSE,Full DMWA,Node + order,5.8606998565567e-4,7.870243588355835e-5,0,TRUE,FALSE,0,7.0677535306572e-5,9.619306721333599e-17,"Nodes +
order",0.058606998565566996
network_096,Modular,FALSE,Full DMWA,Node + order + degree,2.41955648809716e-16,4.163336342344337e-17,0,TRUE,TRUE,0,0,-0.40577886431276144,"Nodes +
order + degree",2.4195564880971603e-14
network_097,Random,FALSE,Full DMWA,Node,0.00436006878929169,4.5425491332946e-4,0,TRUE,FALSE,0,1.1740264499074e-4,-0.4309341336421305,Nodes,0.436006878929169
network_097,Random,FALSE,Full DMWA,Node + order,5.4940499191085e-4,9.434089396941764e-5,0,TRUE,FALSE,0,5.126404793691029e-5,-0.4294253529792787,"Nodes +
order",0.054940499191085
network_097,Random,FALSE,Full DMWA,Node + order + degree,1.9988448608599871e-16,4.163336342344337e-17,0,TRUE,TRUE,0,0,-0.4294455541068547,"Nodes +
order + degree",1.998844860859987e-14
network_098,Core-periphery,FALSE,Full DMWA,Node,0.01439616493730823,0.00193037037257837,0,TRUE,FALSE,0,1.654154951115439e-5,-0.33532211745486395,Nodes,1.4396164937308231
network_098,Core-periphery,FALSE,Full DMWA,Node + order,5.373824883779e-4,7.142028203346168e-5,0,TRUE,FALSE,0,0,4.339359993232973e-17,"Nodes +
order",0.05373824883778999
network_098,Core-periphery,FALSE,Full DMWA,Node + order + degree,2.394385257545255e-16,8.326672684688674e-17,0,TRUE,TRUE,0,0,-0.32647255645098666,"Nodes +
order + degree",2.3943852575452552e-14
network_099,Modular,FALSE,Full DMWA,Node,0.01445980767116074,0.00109453512122856,0,TRUE,FALSE,0,3.8335127784177e-4,-0.4887491009665575,Nodes,1.445980767116074
network_099,Modular,FALSE,Full DMWA,Node + order,3.534926428355e-4,4.228414214525744e-5,0,TRUE,FALSE,0,1.4552035924507e-4,9.696031600288775e-17,"Nodes +
order",0.03534926428355
network_099,Modular,FALSE,Full DMWA,Node + order + degree,2.508632385497312e-16,4.163336342344337e-17,0,TRUE,TRUE,0,0,-0.47473237451990374,"Nodes +
order + degree",2.508632385497312e-14
network_100,Random,FALSE,Full DMWA,Node,0.00293657044427611,2.4729577621992e-4,0,TRUE,FALSE,0,7.786958237643132e-5,-0.42078023036502943,Nodes,0.29365704442761104
network_100,Random,FALSE,Full DMWA,Node + order,5.5393504085452e-4,7.215459285338927e-5,0,TRUE,FALSE,0,0,1.4407395532631023e-17,"Nodes +
order",0.055393504085452
network_100,Random,FALSE,Full DMWA,Node + order + degree,2.1280985259741422e-16,5.551115123125783e-17,0,TRUE,TRUE,0,0,-0.42002320426956186,"Nodes +
order + degree",2.1280985259741422e-14
