network,family,is_toy,variant,projection,relative_L2_error,max_absolute_error,negative_fraction,finite,exact_expected,context_negative_fraction,minimum_context_state,reduced_spectral_abscissa
toy_0,Triangle,True,Coverage,Node,2.6301753499244886e-16,1.1102230246251565e-16,0.0,True,True,0.0,0.0022459823330284877,-0.49999999999999967
toy_0,Triangle,True,Constant bias,Node,0.061207931492523814,0.017617346830435282,0.0,True,False,0.0,0.002245982333028492,-0.4999999999999998
toy_0,Triangle,True,Constant bias,Node + order,3.032703306846795e-16,1.1102230246251565e-16,0.0,True,True,0.0,0.0,-0.4811874887278438
toy_0,Triangle,True,Full DMWA,Node,0.061207931492523814,0.017617346830435282,0.0,True,False,0.0,0.002245982333028492,-0.4999999999999998
toy_0,Triangle,True,Full DMWA,Node + order,3.0643917768123365e-16,1.3877787807814457e-16,0.0,True,False,0.0,0.0,1.2819751242557097e-16
toy_0,Triangle,True,Full DMWA,Node + order + degree,3.032703306846795e-16,1.1102230246251565e-16,0.0,True,True,0.0,0.0,-0.4811874887278438
toy_1,Triangle + branches,True,Coverage,Node,2.841025564493193e-16,1.6653345369377348e-16,0.0,True,True,0.0,0.0,-0.4839618182623479
toy_1,Triangle + branches,True,Constant bias,Node,0.08243932234240776,0.03201551549121556,0.0,True,False,0.0,0.0,-0.4695846580312061
toy_1,Triangle + branches,True,Constant bias,Node + order,2.292665298879565e-16,1.6653345369377348e-16,0.0,True,True,0.0,0.0,-0.44695318322954547
toy_1,Triangle + branches,True,Full DMWA,Node,0.08499158905803285,0.032311012432139324,0.0,True,False,0.0,0.0,-0.47113511394301016
toy_1,Triangle + branches,True,Full DMWA,Node + order,3.6413399328757835e-16,1.1102230246251565e-16,0.0,True,False,0.0,0.0,0.0
toy_1,Triangle + branches,True,Full DMWA,Node + order + degree,2.0840601506451896e-16,1.1102230246251565e-16,0.0,True,True,0.0,0.0,-0.4477418503506998
toy_2,Double triangle,True,Coverage,Node,2.5719905101841217e-16,1.6653345369377348e-16,0.0,True,True,0.0,0.0,-0.4939951230594335
toy_2,Double triangle,True,Constant bias,Node,0.03502828763597411,0.0096680353057009,0.0,True,False,0.0,0.0,-0.49220511139739903
toy_2,Double triangle,True,Constant bias,Node + order,2.6956286744965663e-16,1.1102230246251565e-16,0.0,True,True,0.0,0.0,-0.48162589681466406
toy_2,Double triangle,True,Full DMWA,Node,0.03589365878281863,0.010036916878535973,0.0,True,False,0.0,0.0,-0.49253246964479214
toy_2,Double triangle,True,Full DMWA,Node + order,4.848351020039717e-16,2.220446049250313e-16,0.0,True,False,0.0,0.0,7.049579407806898e-17
toy_2,Double triangle,True,Full DMWA,Node + order + degree,2.2489578879743084e-16,1.1102230246251565e-16,0.0,True,True,0.0,0.0,-0.4817011006878378
network_001,Random,False,Coverage,Node,2.735568417197119e-16,5.551115123125783e-17,0.0,True,True,0.0,0.00011116379727951078,-0.4100324014282769
network_001,Random,False,Constant bias,Node,0.010298552957804803,0.0009020681201866998,0.0,True,False,0.0,8.81820566184716e-05,-0.39039739228679726
network_001,Random,False,Constant bias,Node + order,2.759336065561659e-16,6.938893903907228e-17,0.0,True,True,0.0,0.0,-0.38271347323364713
network_001,Random,False,Full DMWA,Node,0.010749263253724151,0.0009255802309498656,0.0,True,False,0.0,6.984700286251879e-05,-0.39116206608561055
network_001,Random,False,Full DMWA,Node + order,0.0006232599497663579,7.923038878249189e-05,0.0,True,False,0.0,0.0,4.1423810705311113e-17
network_001,Random,False,Full DMWA,Node + order + degree,2.790545249097187e-16,4.163336342344337e-17,0.0,True,True,0.0,0.0,-0.38306870251444874
network_002,Core-periphery,False,Coverage,Node,3.0541956062929473e-16,8.326672684688674e-17,0.0,True,True,0.0,7.854885508173022e-05,-0.4236710132530934
network_002,Core-periphery,False,Constant bias,Node,0.002947767768069792,0.00037102760460150375,0.0,True,False,0.0,7.170956986484324e-05,-0.4127785796680403
network_002,Core-periphery,False,Constant bias,Node + order,2.280670029644483e-16,8.326672684688674e-17,0.0,True,True,0.0,0.0,-0.4117381017986639
network_002,Core-periphery,False,Full DMWA,Node,0.003626616260796316,0.00047037198080046583,0.0,True,False,0.0,5.7333369969951405e-05,-0.4135971554231175
network_002,Core-periphery,False,Full DMWA,Node + order,0.0007526544329186667,0.00011795474801602757,0.0,True,False,0.0,0.0,0.0
network_002,Core-periphery,False,Full DMWA,Node + order + degree,2.3045552498984684e-16,5.551115123125783e-17,0.0,True,True,0.0,0.0,-0.41219834832537533
network_003,Modular,False,Coverage,Node,2.3761353690917083e-16,5.551115123125783e-17,0.0,True,True,0.0,5.88062513999441e-05,-0.4022917914309404
network_003,Modular,False,Constant bias,Node,0.0164187624244595,0.001350254443157596,0.0,True,False,0.0,3.6804215156541125e-05,-0.37126738797617537
network_003,Modular,False,Constant bias,Node + order,3.7913378071543454e-16,5.551115123125783e-17,0.0,True,True,0.0,0.0,-0.3588146492107819
network_003,Modular,False,Full DMWA,Node,0.016537600828430567,0.0013405309367912413,0.0,True,False,0.0,2.3804964020584393e-05,-0.37164369806640957
network_003,Modular,False,Full DMWA,Node + order,0.0008889002805581611,0.00014957818547307877,0.0,True,False,0.0,0.0,4.594732975406244e-16
network_003,Modular,False,Full DMWA,Node + order + degree,3.375907750152558e-16,4.163336342344337e-17,0.0,True,True,0.0,0.0,-0.35907927740321455
network_004,Random,False,Coverage,Node,2.280871893706326e-16,5.551115123125783e-17,0.0,True,True,0.0,0.00013494134465676018,-0.42120825523205363
network_004,Random,False,Constant bias,Node,0.003523784531144131,0.0004156557463937463,0.0,True,False,0.0,0.00012456919760315662,-0.40465117466143713
network_004,Random,False,Constant bias,Node + order,2.424194399668208e-16,8.326672684688674e-17,0.0,True,True,0.0,0.0,-0.40324080251594985
network_004,Random,False,Full DMWA,Node,0.0039608146985440585,0.0003915291187912978,0.0,True,False,0.0,0.00010557692515654642,-0.4054652612181137
network_004,Random,False,Full DMWA,Node + order,0.0005300534241728176,7.034589422832971e-05,0.0,True,False,0.0,0.0,0.0
network_004,Random,False,Full DMWA,Node + order + degree,3.153473292213976e-16,5.551115123125783e-17,0.0,True,True,0.0,0.0,-0.40361807410075357
network_005,Core-periphery,False,Coverage,Node,2.3560405104036207e-16,5.551115123125783e-17,0.0,True,True,0.0,0.00011855695643575793,-0.4442156958469087
network_005,Core-periphery,False,Constant bias,Node,0.0134874885981634,0.0014556088692421892,0.0,True,False,0.0,9.925300497151168e-05,-0.4294110899734451
network_005,Core-periphery,False,Constant bias,Node + order,2.1535451420250027e-16,4.163336342344337e-17,0.0,True,True,0.0,0.0,-0.4187242550347341
network_005,Core-periphery,False,Full DMWA,Node,0.013361959906461223,0.0013879666916927491,0.0,True,False,0.0,8.17446319107206e-05,-0.42989603116441694
network_005,Core-periphery,False,Full DMWA,Node + order,0.0008335840138441947,0.00010615540424595282,0.0,True,False,0.0,0.0,0.0
network_005,Core-periphery,False,Full DMWA,Node + order + degree,2.3293540901584956e-16,4.163336342344337e-17,0.0,True,True,0.0,0.0,-0.4190946012488867
network_006,Modular,False,Coverage,Node,2.170546851491575e-16,4.163336342344337e-17,0.0,True,True,0.0,0.0002683223264956149,-0.4444944504730188
network_006,Modular,False,Constant bias,Node,0.010747252757040882,0.0007358161439733786,0.0,True,False,0.0,0.0002678136213697049,-0.42211054585946917
network_006,Modular,False,Constant bias,Node + order,2.966724339925096e-16,4.163336342344337e-17,0.0,True,True,0.0,6.89189765419209e-05,-0.4160456803978423
network_006,Modular,False,Full DMWA,Node,0.010657317863530672,0.0007062195435141617,0.0,True,False,0.0,0.00025498567051178905,-0.42219349154109953
network_006,Modular,False,Full DMWA,Node + order,0.000704824977798733,7.588592049951465e-05,0.0,True,False,0.0,6.729852110859466e-05,1.7916191726368171e-16
network_006,Modular,False,Full DMWA,Node + order + degree,2.3232229538927577e-16,2.7755575615628914e-17,0.0,True,True,0.0,0.0,-0.416173076184421
network_007,Random,False,Coverage,Node,2.487949609483375e-16,5.551115123125783e-17,0.0,True,True,0.0,9.034659507108353e-05,-0.36228054614474803
network_007,Random,False,Constant bias,Node,0.00921419526889412,0.0010638003738681207,0.0,True,False,0.0,6.097531818271626e-05,-0.3285599645719338
network_007,Random,False,Constant bias,Node + order,2.7361798244121164e-16,5.551115123125783e-17,0.0,True,True,0.0,0.0,-0.32439498935132793
network_007,Random,False,Full DMWA,Node,0.009594319711157331,0.0010568347697146388,0.0,True,False,0.0,3.893001677528712e-05,-0.3292161362672006
network_007,Random,False,Full DMWA,Node + order,0.0007098616190484503,9.680476366289575e-05,0.0,True,False,0.0,0.0,5.683780052259718e-17
network_007,Random,False,Full DMWA,Node + order + degree,2.826984563656756e-16,5.551115123125783e-17,0.0,True,True,0.0,0.0,-0.32467373730284277
network_008,Core-periphery,False,Coverage,Node,2.4292303384164494e-16,5.551115123125783e-17,0.0,True,True,0.0,2.963301404310983e-05,-0.37809554290795155
network_008,Core-periphery,False,Constant bias,Node,0.00399519031863066,0.00042000238856011035,0.0,True,False,0.0,1.9951467284360822e-05,-0.35458967252928086
network_008,Core-periphery,False,Constant bias,Node + order,2.299639082403895e-16,5.551115123125783e-17,0.0,True,True,0.0,0.0,-0.3529067042552988
network_008,Core-periphery,False,Full DMWA,Node,0.004715388032098159,0.0004793496060796071,0.0,True,False,0.0,1.123606275332377e-05,-0.3553616291569269
network_008,Core-periphery,False,Full DMWA,Node + order,0.000611049814739359,0.00010699832419597266,0.0,True,False,0.0,0.0,0.0
network_008,Core-periphery,False,Full DMWA,Node + order + degree,2.1984210159126007e-16,5.551115123125783e-17,0.0,True,True,0.0,0.0,-0.3532441602516725
network_009,Modular,False,Coverage,Node,2.326790893371569e-16,5.551115123125783e-17,0.0,True,True,0.0,4.097414160071031e-05,-0.44921179581051646
network_009,Modular,False,Constant bias,Node,0.004601215115952767,0.00047117039844819797,0.0,True,False,0.0,3.040489084510945e-05,-0.44438139848319513
network_009,Modular,False,Constant bias,Node + order,2.9472585227853116e-16,4.163336342344337e-17,0.0,True,True,0.0,0.0,-0.4410679841764829
network_009,Modular,False,Full DMWA,Node,0.004671721907133424,0.00047725509014958506,0.0,True,False,0.0,2.193786117260138e-05,-0.4445077580521444
network_009,Modular,False,Full DMWA,Node + order,0.001020353390069176,0.00016323462083671011,0.0,True,False,0.0,0.0,1.3845127266196279e-17
network_009,Modular,False,Full DMWA,Node + order + degree,2.2066726758960656e-16,5.551115123125783e-17,0.0,True,True,0.0,0.0,-0.44133843360127495
network_010,Random,False,Coverage,Node,2.2144046920657553e-16,8.326672684688674e-17,0.0,True,True,0.0,8.537681671262886e-05,-0.3946656301762165
network_010,Random,False,Constant bias,Node,0.01407713695376459,0.0015860088857897608,0.0,True,False,0.0,6.729780117514594e-05,-0.37654612151449973
network_010,Random,False,Constant bias,Node + order,2.496008467470825e-16,5.551115123125783e-17,0.0,True,True,0.0,0.0,-0.3659308129636949
network_010,Random,False,Full DMWA,Node,0.014277022512701786,0.0015641462326648134,0.0,True,False,0.0,4.461071564446021e-05,-0.37743389272573485
network_010,Random,False,Full DMWA,Node + order,0.00039882011214628177,6.041178044369211e-05,0.0,True,False,0.0,0.0,2.9236503144766997e-16
network_010,Random,False,Full DMWA,Node + order + degree,2.022635915046218e-16,5.551115123125783e-17,0.0,True,True,0.0,0.0,-0.3666477437616472
network_011,Core-periphery,False,Coverage,Node,2.7130034757602137e-16,6.938893903907228e-17,0.0,True,True,0.0,5.580335270247422e-05,-0.44489824945728856
network_011,Core-periphery,False,Constant bias,Node,0.00281495760606238,0.0003094874363309408,0.0,True,False,0.0,4.5916595320821304e-05,-0.43836655670270097
network_011,Core-periphery,False,Constant bias,Node + order,2.163499603426736e-16,4.163336342344337e-17,0.0,True,True,0.0,0.0,-0.436637596145674
network_011,Core-periphery,False,Full DMWA,Node,0.0032794265889392743,0.000418533872014102,0.0,True,False,0.0,3.676537733574824e-05,-0.4387445404287003
network_011,Core-periphery,False,Full DMWA,Node + order,0.0013110110520469169,0.00012751970952359915,0.0,True,False,0.0,0.0,0.0
network_011,Core-periphery,False,Full DMWA,Node + order + degree,2.05902176123394e-16,4.163336342344337e-17,0.0,True,True,0.0,0.0,-0.43696428145325006
network_012,Modular,False,Coverage,Node,2.6173196993345845e-16,5.551115123125783e-17,0.0,True,True,0.0,3.7626727127310005e-05,-0.4293630769223009
network_012,Modular,False,Constant bias,Node,0.0035605903426114897,0.00042133508834491656,0.0,True,False,0.0,3.33560061087781e-05,-0.42522135536147787
network_012,Modular,False,Constant bias,Node + order,2.4171374117774385e-16,5.551115123125783e-17,0.0,True,True,0.0,0.0,-0.4233290100891106
network_012,Modular,False,Full DMWA,Node,0.0037660182850835825,0.00046231524489891845,0.0,True,False,0.0,2.965834047177059e-05,-0.42528741308015333
network_012,Modular,False,Full DMWA,Node + order,0.0007888043289690742,0.00012401949311065252,0.0,True,False,0.0,0.0,0.0
network_012,Modular,False,Full DMWA,Node + order + degree,2.1722539249018065e-16,4.163336342344337e-17,0.0,True,True,0.0,0.0,-0.4235933456650224
network_013,Random,False,Coverage,Node,2.6052248199724217e-16,5.551115123125783e-17,0.0,True,True,0.0,7.374124377064053e-05,-0.4504150067404554
network_013,Random,False,Constant bias,Node,0.00836943935720207,0.0006287292086908924,0.0,True,False,0.0,6.305795865075018e-05,-0.4382139708773999
network_013,Random,False,Constant bias,Node + order,2.7002391340692507e-16,6.938893903907228e-17,0.0,True,True,0.0,0.0,-0.43098646041291055
network_013,Random,False,Full DMWA,Node,0.008711147229141502,0.0006318592279143179,0.0,True,False,0.0,5.0616510587359134e-05,-0.4388122456852077
network_013,Random,False,Full DMWA,Node + order,0.0006182266315319255,7.22545237465122e-05,0.0,True,False,0.0,0.0,0.0
network_013,Random,False,Full DMWA,Node + order + degree,2.0484299088408023e-16,5.551115123125783e-17,0.0,True,True,0.0,0.0,-0.43129650595698943
network_014,Core-periphery,False,Coverage,Node,2.868571852353887e-16,8.326672684688674e-17,0.0,True,True,0.0,9.668057797971438e-05,-0.44020529665231234
network_014,Core-periphery,False,Constant bias,Node,0.005071277588349353,0.0006055604460971573,0.0,True,False,0.0,9.115791215443569e-05,-0.43606015982863366
network_014,Core-periphery,False,Constant bias,Node + order,2.778965910773088e-16,6.938893903907228e-17,0.0,True,True,0.0,0.0,-0.4408447597934647
network_014,Core-periphery,False,Full DMWA,Node,0.004658026604633748,0.0005559969043438598,0.0,True,False,0.0,7.882342296996522e-05,-0.43687151771712635
network_014,Core-periphery,False,Full DMWA,Node + order,0.00016161458267857862,1.9981751842628598e-05,0.0,True,False,0.0,0.0,0.0
network_014,Core-periphery,False,Full DMWA,Node + order + degree,2.6958852997562753e-16,6.938893903907228e-17,0.0,True,True,0.0,0.0,-0.44121315351023493
network_015,Modular,False,Coverage,Node,2.5616328716443884e-16,5.551115123125783e-17,0.0,True,True,0.0,0.00011490264374264245,-0.40665094290125003
network_015,Modular,False,Constant bias,Node,0.011050408765844424,0.0013788497340507452,0.0,True,False,0.0,9.384731688797612e-05,-0.3847995187891866
network_015,Modular,False,Constant bias,Node + order,2.178557808778215e-16,4.163336342344337e-17,0.0,True,True,0.0,0.0,-0.38067790093069737
network_015,Modular,False,Full DMWA,Node,0.011345084809866577,0.0013616696568836545,0.0,True,False,0.0,8.334852078266397e-05,-0.3849304239150229
network_015,Modular,False,Full DMWA,Node + order,0.0011754598197370135,0.00014504360906505281,0.0,True,False,0.0,0.0,1.507525205919753e-16
network_015,Modular,False,Full DMWA,Node + order + degree,2.294363092483126e-16,4.163336342344337e-17,0.0,True,True,0.0,0.0,-0.3808122737807734
network_016,Random,False,Coverage,Node,2.955036460918523e-16,8.326672684688674e-17,0.0,True,True,0.0,3.570536044056752e-05,-0.3992934616393278
network_016,Random,False,Constant bias,Node,0.0050886071114257456,0.0005805261823271582,0.0,True,False,0.0,3.00431666639552e-05,-0.3798244411433943
network_016,Random,False,Constant bias,Node + order,2.756557481079664e-16,5.551115123125783e-17,0.0,True,True,0.0,0.0,-0.3772814310289847
network_016,Random,False,Full DMWA,Node,0.005594262610531867,0.0006178996130540987,0.0,True,False,0.0,2.1534563402167805e-05,-0.3804969746646091
network_016,Random,False,Full DMWA,Node + order,0.00057374589773979,8.780040156328855e-05,0.0,True,False,0.0,0.0,0.0
network_016,Random,False,Full DMWA,Node + order + degree,2.4728045125203247e-16,5.551115123125783e-17,0.0,True,True,0.0,0.0,-0.3776982907338837
network_017,Core-periphery,False,Coverage,Node,2.598136854995192e-16,8.326672684688674e-17,0.0,True,True,0.0,0.00015662375119097647,-0.40732201798060674
network_017,Core-periphery,False,Constant bias,Node,0.0033674747651226463,0.00034254728153049543,0.0,True,False,0.0,0.00015561191534579514,-0.39397649670185403
network_017,Core-periphery,False,Constant bias,Node + order,2.9095787044589084e-16,8.326672684688674e-17,0.0,True,True,0.0,0.0,-0.393332284659492
network_017,Core-periphery,False,Full DMWA,Node,0.003685085978667306,0.0003619305750635973,0.0,True,False,0.0,0.00013794691872518903,-0.3948270658578523
network_017,Core-periphery,False,Full DMWA,Node + order,0.0004749240322812594,6.048391823460647e-05,0.0,True,False,0.0,0.0,0.0
network_017,Core-periphery,False,Full DMWA,Node + order + degree,2.766572266014958e-16,5.551115123125783e-17,0.0,True,True,0.0,0.0,-0.3936882622431197
network_018,Modular,False,Coverage,Node,2.370346183976886e-16,5.551115123125783e-17,0.0,True,True,0.0,9.57222085724832e-05,-0.3881619177006235
network_018,Modular,False,Constant bias,Node,0.006952900255213976,0.0005839227379768157,0.0,True,False,0.0,8.209290925048144e-05,-0.36513124736407643
network_018,Modular,False,Constant bias,Node + order,2.2885240997611795e-16,4.163336342344337e-17,0.0,True,True,0.0,0.0,-0.3628545904371347
network_018,Modular,False,Full DMWA,Node,0.006993427144293864,0.0005264230799588189,0.0,True,False,0.0,7.620223440334045e-05,-0.3653133199329214
network_018,Modular,False,Full DMWA,Node + order,0.000647787762751295,8.927001101743243e-05,0.0,True,False,0.0,0.0,2.839167360996419e-17
network_018,Modular,False,Full DMWA,Node + order + degree,2.3061001553922194e-16,5.551115123125783e-17,0.0,True,True,0.0,0.0,-0.3629413061410732
network_019,Random,False,Coverage,Node,3.104414292441991e-16,6.938893903907228e-17,0.0,True,True,0.0,0.00010507675302536008,-0.4233178516881987
network_019,Random,False,Constant bias,Node,0.01637286640989591,0.0013296239350861702,0.0,True,False,0.0,9.966917455216905e-05,-0.38288704984333644
network_019,Random,False,Constant bias,Node + order,2.422807615827243e-16,5.551115123125783e-17,0.0,True,True,0.0,0.0,-0.3703588444560014
network_019,Random,False,Full DMWA,Node,0.016801903909545963,0.001359183195801375,0.0,True,False,0.0,7.541273452547933e-05,-0.3836477742295344
network_019,Random,False,Full DMWA,Node + order,0.000999934443857996,0.0001312373403175443,0.0,True,False,0.0,0.0,0.0
network_019,Random,False,Full DMWA,Node + order + degree,1.9193890093979834e-16,4.163336342344337e-17,0.0,True,True,0.0,0.0,-0.3707098599999856
network_020,Core-periphery,False,Coverage,Node,2.5046542696895436e-16,5.551115123125783e-17,0.0,True,True,0.0,1.1520885478829129e-05,-0.4313433811348317
network_020,Core-periphery,False,Constant bias,Node,0.002378479727424072,0.0003205711142573245,0.0,True,False,0.0,7.154767363908895e-06,-0.4230185242913914
network_020,Core-periphery,False,Constant bias,Node + order,2.323640884380765e-16,6.938893903907228e-17,0.0,True,True,0.0,0.0,-0.42391021970983195
network_020,Core-periphery,False,Full DMWA,Node,0.0024630453642926955,0.0003009940342508788,0.0,True,False,0.0,3.7581860675048213e-06,-0.42342388396787
network_020,Core-periphery,False,Full DMWA,Node + order,0.0005571973103122078,7.289264039377422e-05,0.0,True,False,0.0,0.0,0.0
network_020,Core-periphery,False,Full DMWA,Node + order + degree,2.0682556002208038e-16,5.551115123125783e-17,0.0,True,True,0.0,0.0,-0.4241807167756891
network_021,Modular,False,Coverage,Node,2.426306054814266e-16,4.163336342344337e-17,0.0,True,True,0.0,0.00015334324942580327,-0.45000567639441447
network_021,Modular,False,Constant bias,Node,0.01716594010423153,0.0013306938175779368,0.0,True,False,0.0,0.00012773884757148434,-0.4383749986370358
network_021,Modular,False,Constant bias,Node + order,2.2546802031971897e-16,4.163336342344337e-17,0.0,True,True,0.0,0.0,-0.42364078403486766
network_021,Modular,False,Full DMWA,Node,0.016868798824346172,0.00123413297582093,0.0,True,False,0.0,0.00011435205160906784,-0.4386877489338442
network_021,Modular,False,Full DMWA,Node + order,0.0007456345459953752,0.00010380747956179742,0.0,True,False,0.0,0.0,1.0235543957948322e-16
network_021,Modular,False,Full DMWA,Node + order + degree,2.3350958278325564e-16,3.469446951953614e-17,0.0,True,True,0.0,0.0,-0.4238883285193204
network_022,Random,False,Coverage,Node,2.648355743218884e-16,8.326672684688674e-17,0.0,True,True,0.0,0.00013477585219438966,-0.42377302846367004
network_022,Random,False,Constant bias,Node,0.013962578468016771,0.0016976126176573292,0.0,True,False,0.0,0.00011771901289702691,-0.40787244867903505
network_022,Random,False,Constant bias,Node + order,2.480296550690937e-16,5.551115123125783e-17,0.0,True,True,0.0,0.0,-0.3965274344230474
network_022,Random,False,Full DMWA,Node,0.014089713161745024,0.0016380058141849743,0.0,True,False,0.0,9.69814144471767e-05,-0.4084102267829185
network_022,Random,False,Full DMWA,Node + order,0.0007164026967299157,0.00010119949321047567,0.0,True,False,0.0,0.0,3.304575165144117e-16
network_022,Random,False,Full DMWA,Node + order + degree,1.884195316660016e-16,5.551115123125783e-17,0.0,True,True,0.0,0.0,-0.3970302975791765
network_023,Core-periphery,False,Coverage,Node,2.350507818494758e-16,5.551115123125783e-17,0.0,True,True,0.0,0.00013057280052270425,-0.4140727722572396
network_023,Core-periphery,False,Constant bias,Node,0.006352834290573196,0.0006089253615948198,0.0,True,False,0.0,0.00011510125798515344,-0.3885818710901332
network_023,Core-periphery,False,Constant bias,Node + order,3.0258114390303376e-16,5.551115123125783e-17,0.0,True,True,0.0,0.0,-0.38511634032996456
network_023,Core-periphery,False,Full DMWA,Node,0.0070729750196702225,0.0006576319216698434,0.0,True,False,0.0,9.295897369970668e-05,-0.38931993521481617
network_023,Core-periphery,False,Full DMWA,Node + order,0.0010091367675732585,0.00016031734901547634,0.0,True,False,0.0,0.0,0.0
network_023,Core-periphery,False,Full DMWA,Node + order + degree,2.858366281184196e-16,5.551115123125783e-17,0.0,True,True,0.0,0.0,-0.3853704504069967
network_024,Modular,False,Coverage,Node,2.5647927163877556e-16,6.938893903907228e-17,0.0,True,True,0.0,7.735315944496323e-05,-0.3187700074546316
network_024,Modular,False,Constant bias,Node,0.008310318001480408,0.00109175743530332,0.0,True,False,0.0,7.866547556798386e-05,-0.2758745753292099
network_024,Modular,False,Constant bias,Node + order,2.970737494802257e-16,5.551115123125783e-17,0.0,True,True,0.0,0.0,-0.27212462797015835
network_024,Modular,False,Full DMWA,Node,0.008827569845499268,0.0011099686509789541,0.0,True,False,0.0,4.793271377078306e-05,-0.2764107979406487
network_024,Modular,False,Full DMWA,Node + order,0.00040124174939218393,5.61433464506822e-05,0.0,True,False,0.0,0.0,1.288546883994039e-16
network_024,Modular,False,Full DMWA,Node + order + degree,3.0515296693947927e-16,5.551115123125783e-17,0.0,True,True,0.0,0.0,-0.2723721616828856
network_025,Random,False,Coverage,Node,3.381169465920363e-16,8.326672684688674e-17,0.0,True,True,0.0,0.0002263414117957367,-0.4186774387427685
network_025,Random,False,Constant bias,Node,0.014851883754002503,0.001811753478585268,0.0,True,False,0.0,0.00020796639207477206,-0.40744341349294516
network_025,Random,False,Constant bias,Node + order,2.915900656472252e-16,8.326672684688674e-17,0.0,True,True,0.0,7.11693021891104e-05,-0.39534504812741306
network_025,Random,False,Full DMWA,Node,0.014674023490329688,0.0017214918416491934,0.0,True,False,0.0,0.00019032847271995294,-0.40785285051400694
network_025,Random,False,Full DMWA,Node + order,0.001499966612583913,0.00024791032294405047,0.0,True,False,0.0,6.821654185989095e-05,1.8261135623610848e-16
network_025,Random,False,Full DMWA,Node + order + degree,2.8371985261647874e-16,6.938893903907228e-17,0.0,True,True,0.0,0.0,-0.39581187655348093
network_026,Core-periphery,False,Coverage,Node,2.871659527794245e-16,5.551115123125783e-17,0.0,True,True,0.0,7.520947199434021e-05,-0.4350564152868521
network_026,Core-periphery,False,Constant bias,Node,0.00403626753011639,0.0003570560132926323,0.0,True,False,0.0,6.823593294162317e-05,-0.4296307743856169
network_026,Core-periphery,False,Constant bias,Node + order,2.2524705851295637e-16,5.551115123125783e-17,0.0,True,True,0.0,2.2221768784489197e-05,-0.43267119949463134
network_026,Core-periphery,False,Full DMWA,Node,0.00400570254677395,0.00035170325484697174,0.0,True,False,0.0,5.707535260499154e-05,-0.42997690564966556
network_026,Core-periphery,False,Full DMWA,Node + order,0.00038297743906703057,6.815194028985533e-05,0.0,True,False,0.0,2.0153197261498313e-05,-8.159082125324832e-17
network_026,Core-periphery,False,Full DMWA,Node + order + degree,2.0920700066888386e-16,4.163336342344337e-17,0.0,True,True,0.0,0.0,-0.43285319855540494
network_027,Modular,False,Coverage,Node,2.924205123092811e-16,4.85722573273506e-17,0.0,True,True,0.0,0.00018827818955535072,-0.40055250990439495
network_027,Modular,False,Constant bias,Node,0.006584604518424956,0.0005899226405001318,0.0,True,False,0.0,0.0001742496294348374,-0.38858577159789354
network_027,Modular,False,Constant bias,Node + order,2.5669304028602256e-16,4.163336342344337e-17,0.0,True,True,0.0,5.780162212430572e-05,-0.3861330514718791
network_027,Modular,False,Full DMWA,Node,0.006612509197772807,0.0006611826655168462,0.0,True,False,0.0,0.0001710347667996982,-0.38858873937046395
network_027,Modular,False,Full DMWA,Node + order,0.0006885285779587836,0.0001164340474903991,0.0,True,False,0.0,5.6845447809656505e-05,1.986031226604898e-16
network_027,Modular,False,Full DMWA,Node + order + degree,2.2524242063160296e-16,2.7755575615628914e-17,0.0,True,True,0.0,0.0,-0.3862066964883545
network_028,Random,False,Coverage,Node,2.3583296745320634e-16,4.163336342344337e-17,0.0,True,True,0.0,0.0002102975127130858,-0.44200179828335506
network_028,Random,False,Constant bias,Node,0.027632273241396034,0.002270705989047106,0.0,True,False,0.0,0.00017427641714693295,-0.3796404597482391
network_028,Random,False,Constant bias,Node + order,2.387602084372885e-16,5.551115123125783e-17,0.0,True,True,0.0,0.0,-0.3599854909720431
network_028,Random,False,Full DMWA,Node,0.028093209437646836,0.00236161084890861,0.0,True,False,0.0,0.00014932099024413605,-0.38014663477391036
network_028,Random,False,Full DMWA,Node + order,0.0009831600619717707,0.00013912353819360568,0.0,True,False,0.0,0.0,4.3144440141007215e-17
network_028,Random,False,Full DMWA,Node + order + degree,2.2920715360991906e-16,4.163336342344337e-17,0.0,True,True,0.0,0.0,-0.36019923288799366
network_029,Core-periphery,False,Coverage,Node,2.968534619768483e-16,6.938893903907228e-17,0.0,True,True,0.0,0.0001204504881478075,-0.3989999566838922
network_029,Core-periphery,False,Constant bias,Node,0.004015364890787191,0.0004755888288246503,0.0,True,False,0.0,0.00011094319709819215,-0.3877625664277949
network_029,Core-periphery,False,Constant bias,Node + order,2.5749651259172947e-16,6.938893903907228e-17,0.0,True,True,0.0,4.2612948549021885e-05,-0.38899947303606697
network_029,Core-periphery,False,Full DMWA,Node,0.0042725152192209705,0.000528381621804342,0.0,True,False,0.0,9.548043981456503e-05,-0.3882725226885456
network_029,Core-periphery,False,Full DMWA,Node + order,0.0006572170274821752,9.444213486896336e-05,0.0,True,False,0.0,3.935100702230567e-05,1.4952449529376893e-16
network_029,Core-periphery,False,Full DMWA,Node + order + degree,1.9868114693826482e-16,4.163336342344337e-17,0.0,True,True,0.0,0.0,-0.3892850819455138
network_030,Modular,False,Coverage,Node,2.237411930645915e-16,4.163336342344337e-17,0.0,True,True,0.0,4.8618230943673284e-05,-0.43500858169905593
network_030,Modular,False,Constant bias,Node,0.0026186368957262863,0.00031115709499363736,0.0,True,False,0.0,4.493648446497273e-05,-0.429835771874688
network_030,Modular,False,Constant bias,Node + order,2.7776261938526503e-16,4.163336342344337e-17,0.0,True,True,0.0,1.946574161208596e-05,-0.4289011809254439
network_030,Modular,False,Full DMWA,Node,0.0026936110870704475,0.00031041716499639535,0.0,True,False,0.0,4.140496272411873e-05,-0.42998406308807896
network_030,Modular,False,Full DMWA,Node + order,0.0004611134199456673,6.419013730794149e-05,0.0,True,False,0.0,1.8514668804276103e-05,3.870383828688135e-17
network_030,Modular,False,Full DMWA,Node + order + degree,3.1185085588714664e-16,6.938893903907228e-17,0.0,True,True,0.0,0.0,-0.4291495155686563
network_031,Random,False,Coverage,Node,3.0003688173579303e-16,1.1102230246251565e-16,0.0,True,True,0.0,0.00017547727395621402,-0.38362482652105745
network_031,Random,False,Constant bias,Node,0.01205823713960414,0.0012869737912641968,0.0,True,False,0.0,0.0001811730219946399,-0.35668441662373573
network_031,Random,False,Constant bias,Node + order,2.533003164198169e-16,6.938893903907228e-17,0.0,True,True,0.0,0.0,-0.34922695796873304
network_031,Random,False,Full DMWA,Node,0.012539128897977763,0.0012341867760825784,0.0,True,False,0.0,0.00014887485918720645,-0.357649692835583
network_031,Random,False,Full DMWA,Node + order,0.0010453865334762807,0.000128656655401016,0.0,True,False,0.0,0.0,1.8508128564899908e-16
network_031,Random,False,Full DMWA,Node + order + degree,2.2349180334165446e-16,5.551115123125783e-17,0.0,True,True,0.0,0.0,-0.34960721597642364
network_032,Core-periphery,False,Coverage,Node,2.4852475135800987e-16,5.551115123125783e-17,0.0,True,True,0.0,3.195119021255922e-05,-0.3490023501916406
network_032,Core-periphery,False,Constant bias,Node,0.007030833027656397,0.0007396015953550772,0.0,True,False,0.0,2.5835284798330538e-05,-0.3037950089315865
network_032,Core-periphery,False,Constant bias,Node + order,3.173795510556758e-16,6.938893903907228e-17,0.0,True,True,0.0,0.0,-0.30039997821633824
network_032,Core-periphery,False,Full DMWA,Node,0.008093381337726017,0.0008313177238007396,0.0,True,False,0.0,1.1653022540388386e-05,-0.3046072224028815
network_032,Core-periphery,False,Full DMWA,Node + order,0.0006297781397721697,9.83167115483248e-05,0.0,True,False,0.0,0.0,0.0
network_032,Core-periphery,False,Full DMWA,Node + order + degree,2.3082673293606504e-16,4.163336342344337e-17,0.0,True,True,0.0,0.0,-0.3006625945035959
network_033,Modular,False,Coverage,Node,2.5204162532818295e-16,8.326672684688674e-17,0.0,True,True,0.0,0.0001285535753832462,-0.3971956068933308
network_033,Modular,False,Constant bias,Node,0.026925029935635822,0.0025555158660458474,0.0,True,False,0.0,0.00010487865958223037,-0.37626490395612455
network_033,Modular,False,Constant bias,Node + order,2.8840294363659116e-16,4.163336342344337e-17,0.0,True,True,0.0,0.0,-0.3566402332684846
network_033,Modular,False,Full DMWA,Node,0.02695708595538281,0.002567111132528832,0.0,True,False,0.0,9.590636181912002e-05,-0.3770022139560042
network_033,Modular,False,Full DMWA,Node + order,0.0013641347018643437,0.00018847939391392066,0.0,True,False,0.0,0.0,8.89805572616244e-17
network_033,Modular,False,Full DMWA,Node + order + degree,2.826318913757547e-16,5.551115123125783e-17,0.0,True,True,0.0,0.0,-0.3570649012457488
network_034,Random,False,Coverage,Node,2.2139207870497626e-16,5.551115123125783e-17,0.0,True,True,0.0,0.00012349003879638556,-0.4503655198249483
network_034,Random,False,Constant bias,Node,0.016098657512282632,0.0015835109299461025,0.0,True,False,0.0,0.00010745105876271445,-0.4351925473752334
network_034,Random,False,Constant bias,Node + order,2.600572197358833e-16,4.85722573273506e-17,0.0,True,True,0.0,0.0,-0.4209309545927058
network_034,Random,False,Full DMWA,Node,0.01612752403640617,0.0014994325487115226,0.0,True,False,0.0,9.244211542138737e-05,-0.4358330953890533
network_034,Random,False,Full DMWA,Node + order,0.001032386871081915,0.0001476480687918405,0.0,True,False,0.0,0.0,2.0774456404904693e-16
network_034,Random,False,Full DMWA,Node + order + degree,2.1147695354270589e-16,4.163336342344337e-17,0.0,True,True,0.0,0.0,-0.4213140815019022
network_035,Core-periphery,False,Coverage,Node,2.913475989555365e-16,8.326672684688674e-17,0.0,True,True,0.0,5.3634685499672436e-05,-0.40770831587728773
network_035,Core-periphery,False,Constant bias,Node,0.013759667970502315,0.0015459850836371733,0.0,True,False,0.0,3.462841263076885e-05,-0.3829202821493211
network_035,Core-periphery,False,Constant bias,Node + order,2.885373066936408e-16,5.551115123125783e-17,0.0,True,True,0.0,0.0,-0.3723434715571944
network_035,Core-periphery,False,Full DMWA,Node,0.01400113712277368,0.0014690418700941676,0.0,True,False,0.0,1.818504111047209e-05,-0.3837945662446701
network_035,Core-periphery,False,Full DMWA,Node + order,0.001072749484916436,0.0001572219601752578,0.0,True,False,0.0,0.0,1.4913781039488286e-16
network_035,Core-periphery,False,Full DMWA,Node + order + degree,2.7740556826181433e-16,5.551115123125783e-17,0.0,True,True,0.0,0.0,-0.3729468299267823
network_036,Modular,False,Coverage,Node,2.405903350709316e-16,4.163336342344337e-17,0.0,True,True,0.0,0.00023861922018184333,-0.41577603870805024
network_036,Modular,False,Constant bias,Node,0.007375376175760239,0.0006076237683272472,0.0,True,False,0.0,0.00021668742015964465,-0.3988368191129294
network_036,Modular,False,Constant bias,Node + order,2.3609589922403217e-16,4.163336342344337e-17,0.0,True,True,0.0,7.129965590745837e-05,-0.3965639832740478
network_036,Modular,False,Full DMWA,Node,0.007416438129724668,0.0006423574630995202,0.0,True,False,0.0,0.00021501094354097508,-0.3988771170470937
network_036,Modular,False,Full DMWA,Node + order,0.0006979744519315967,8.10684959330274e-05,0.0,True,False,0.0,7.068669459782344e-05,1.2626262284535963e-16
network_036,Modular,False,Full DMWA,Node + order + degree,1.9620626690489913e-16,4.163336342344337e-17,0.0,True,True,0.0,0.0,-0.39661428733609577
network_037,Random,False,Coverage,Node,2.410875079969657e-16,5.551115123125783e-17,0.0,True,True,0.0,0.00012628610855237702,-0.3934529639423183
network_037,Random,False,Constant bias,Node,0.012944936170435923,0.0015685200038493413,0.0,True,False,0.0,0.00011134196411612528,-0.3791182355450201
network_037,Random,False,Constant bias,Node + order,2.5363895766876565e-16,8.326672684688674e-17,0.0,True,True,0.0,0.0,-0.3698995894229816
network_037,Random,False,Full DMWA,Node,0.012998866870079121,0.0014914325304049708,0.0,True,False,0.0,8.574069887802142e-05,-0.3798457284101808
network_037,Random,False,Full DMWA,Node + order,0.0007615822217608761,0.00010250314128802673,0.0,True,False,0.0,0.0,8.644547909070862e-17
network_037,Random,False,Full DMWA,Node + order + degree,2.4115403861902493e-16,5.551115123125783e-17,0.0,True,True,0.0,0.0,-0.37033269875221475
network_038,Core-periphery,False,Coverage,Node,3.017875506276687e-16,6.938893903907228e-17,0.0,True,True,0.0,8.872816058921382e-05,-0.43054951882712944
network_038,Core-periphery,False,Constant bias,Node,0.005661822764783148,0.000512844114917619,0.0,True,False,0.0,7.9245610560419e-05,-0.41818861576425853
network_038,Core-periphery,False,Constant bias,Node + order,2.4570345128929405e-16,5.551115123125783e-17,0.0,True,True,0.0,0.0,-0.4148730161925802
network_038,Core-periphery,False,Full DMWA,Node,0.0058490879840394526,0.0004786569690124788,0.0,True,False,0.0,6.717509828786283e-05,-0.4187112052335069
network_038,Core-periphery,False,Full DMWA,Node + order,0.00042826687490598957,5.1688570062782824e-05,0.0,True,False,0.0,0.0,2.6216008530699497e-16
network_038,Core-periphery,False,Full DMWA,Node + order + degree,1.8223714718904402e-16,4.163336342344337e-17,0.0,True,True,0.0,0.0,-0.4151810184958266
network_039,Modular,False,Coverage,Node,2.1733048447464798e-16,4.163336342344337e-17,0.0,True,True,0.0,0.00013065135151862591,-0.43568995645337666
network_039,Modular,False,Constant bias,Node,0.012979959613121737,0.0013629788415098626,0.0,True,False,0.0,0.00010829021235563829,-0.42307470584845885
network_039,Modular,False,Constant bias,Node + order,2.7814695437329567e-16,5.551115123125783e-17,0.0,True,True,0.0,0.0,-0.41238671633916024
network_039,Modular,False,Full DMWA,Node,0.013095133744766778,0.0013587744355178233,0.0,True,False,0.0,0.0001007459426656259,-0.4233414622267204
network_039,Modular,False,Full DMWA,Node + order,0.0007140881700357392,8.04383881342352e-05,0.0,True,False,0.0,0.0,1.4743576740434875e-16
network_039,Modular,False,Full DMWA,Node + order + degree,2.1574193274240256e-16,4.163336342344337e-17,0.0,True,True,0.0,0.0,-0.4126634046168076
network_040,Random,False,Coverage,Node,2.548693162693482e-16,5.551115123125783e-17,0.0,True,True,0.0,1.7524484246659207e-05,-0.3693913683772788
network_040,Random,False,Constant bias,Node,0.00463096926180697,0.0006476785571545018,0.0,True,False,0.0,1.1699403013283359e-05,-0.34879457923062607
network_040,Random,False,Constant bias,Node + order,2.69268848996461e-16,5.551115123125783e-17,0.0,True,True,0.0,0.0,-0.35102067934730363
network_040,Random,False,Full DMWA,Node,0.0048472724518534675,0.0006902018076021671,0.0,True,False,0.0,7.103597912043386e-06,-0.349489926162838
network_040,Random,False,Full DMWA,Node + order,0.0011985906847205455,0.00022975091398273056,0.0,True,False,0.0,0.0,0.0
network_040,Random,False,Full DMWA,Node + order + degree,3.3024185010411404e-16,8.326672684688674e-17,0.0,True,True,0.0,0.0,-0.3512384366839504
network_041,Core-periphery,False,Coverage,Node,2.6190109799233137e-16,8.326672684688674e-17,0.0,True,True,0.0,5.941943555722013e-06,-0.3489536430832886
network_041,Core-periphery,False,Constant bias,Node,0.0042224771629154985,0.0008576433371684719,0.0,True,False,0.0,3.9405609935171054e-06,-0.32584975651917236
network_041,Core-periphery,False,Constant bias,Node + order,2.351384379951795e-16,5.551115123125783e-17,0.0,True,True,0.0,0.0,-0.32500805266818855
network_041,Core-periphery,False,Full DMWA,Node,0.004480855534878839,0.0007656102109886015,0.0,True,False,0.0,3.7130546681666393e-06,-0.326504374773821
network_041,Core-periphery,False,Full DMWA,Node + order,0.0010028567284896402,0.0002136641366419223,0.0,True,False,0.0,0.0,0.0
network_041,Core-periphery,False,Full DMWA,Node + order + degree,2.7621997651541017e-16,5.551115123125783e-17,0.0,True,True,0.0,0.0,-0.32522900229533036
network_042,Modular,False,Coverage,Node,2.270279486761903e-16,4.163336342344337e-17,0.0,True,True,0.0,5.486934235346028e-05,-0.4476039540549209
network_042,Modular,False,Constant bias,Node,0.005418979615683589,0.0005100419834722231,0.0,True,False,0.0,5.0853714969936997e-05,-0.44370859139664875
network_042,Modular,False,Constant bias,Node + order,2.0911782795575996e-16,5.551115123125783e-17,0.0,True,True,0.0,2.2536018333665406e-05,-0.4396855280870242
network_042,Modular,False,Full DMWA,Node,0.005385200872710497,0.0005214695057091934,0.0,True,False,0.0,4.703232516547505e-05,-0.44367710545857875
network_042,Modular,False,Full DMWA,Node + order,0.0006264897435721337,5.9938770365669525e-05,0.0,True,False,0.0,2.1679134920366204e-05,2.007053484100972e-16
network_042,Modular,False,Full DMWA,Node + order + degree,1.9201012139260252e-16,4.163336342344337e-17,0.0,True,True,0.0,0.0,-0.4398366397906085
network_043,Random,False,Coverage,Node,2.62662132668095e-16,8.326672684688674e-17,0.0,True,True,0.0,0.00016913194821815283,-0.33285592467322866
network_043,Random,False,Constant bias,Node,0.05078125297558443,0.005943573633290025,0.0,True,False,0.0,0.00016755417347894585,-0.24456083773705856
network_043,Random,False,Constant bias,Node + order,2.4472901761421524e-16,6.938893903907228e-17,0.0,True,True,0.0,0.0,-0.22075240989125655
network_043,Random,False,Full DMWA,Node,0.05265882350580508,0.006184641503150179,0.0,True,False,0.0,9.201219748002983e-05,-0.24628148840051756
network_043,Random,False,Full DMWA,Node + order,0.0007025053765814896,0.00015076956624792207,0.0,True,False,0.0,0.0,1.6703881459507167e-17
network_043,Random,False,Full DMWA,Node + order + degree,2.4919173823156317e-16,5.551115123125783e-17,0.0,True,True,0.0,0.0,-0.22137860482999128
network_044,Core-periphery,False,Coverage,Node,2.280914660712813e-16,5.551115123125783e-17,0.0,True,True,0.0,4.477542677624371e-05,-0.41736588760989235
network_044,Core-periphery,False,Constant bias,Node,0.008930061169630667,0.0008444433743010071,0.0,True,False,0.0,3.533867943505912e-05,-0.39726133941681235
network_044,Core-periphery,False,Constant bias,Node + order,2.719072770763088e-16,5.551115123125783e-17,0.0,True,True,0.0,0.0,-0.3912400116195086
network_044,Core-periphery,False,Full DMWA,Node,0.009383959999333105,0.0008919774816589301,0.0,True,False,0.0,2.754475399396556e-05,-0.39757839872060563
network_044,Core-periphery,False,Full DMWA,Node + order,0.0008721141829971143,8.597115505556974e-05,0.0,True,False,0.0,0.0,1.0727680879654084e-16
network_044,Core-periphery,False,Full DMWA,Node + order + degree,2.8805540224176503e-16,6.938893903907228e-17,0.0,True,True,0.0,0.0,-0.3914270445447728
network_045,Modular,False,Coverage,Node,2.718585897608109e-16,6.938893903907228e-17,0.0,True,True,0.0,2.2203922504212594e-05,-0.3470832198400867
network_045,Modular,False,Constant bias,Node,0.008369770910992521,0.001091173337741988,0.0,True,False,0.0,1.1347751275734863e-05,-0.31711842053915884
network_045,Modular,False,Constant bias,Node + order,2.625231146147651e-16,4.163336342344337e-17,0.0,True,True,0.0,0.0,-0.31469374445184806
network_045,Modular,False,Full DMWA,Node,0.008400068952167909,0.0010746097498875035,0.0,True,False,0.0,8.263301721178653e-06,-0.3172904983155189
network_045,Modular,False,Full DMWA,Node + order,0.0006188771326874365,0.00010662519067368773,0.0,True,False,0.0,0.0,6.52631198745442e-17
network_045,Modular,False,Full DMWA,Node + order + degree,2.5550438797631827e-16,4.163336342344337e-17,0.0,True,True,0.0,0.0,-0.31477876116381653
network_046,Random,False,Coverage,Node,2.241075135116574e-16,4.163336342344337e-17,0.0,True,True,0.0,0.00017916782129210904,-0.45162426835576575
network_046,Random,False,Constant bias,Node,0.01995849904537611,0.001804567151698959,0.0,True,False,0.0,0.0001615726974039757,-0.4355401809952055
network_046,Random,False,Constant bias,Node + order,2.0782080036227658e-16,4.163336342344337e-17,0.0,True,True,0.0,0.0,-0.4171385335452932
network_046,Random,False,Full DMWA,Node,0.02015685091247339,0.0018472048872123364,0.0,True,False,0.0,0.0001381794390956095,-0.4361817302682786
network_046,Random,False,Full DMWA,Node + order,0.001007006993648043,0.00010660043612301107,0.0,True,False,0.0,0.0,3.1839320739682286e-16
network_046,Random,False,Full DMWA,Node + order + degree,1.9887188629780548e-16,5.551115123125783e-17,0.0,True,True,0.0,0.0,-0.4176257112626417
network_047,Core-periphery,False,Coverage,Node,2.7833026561250516e-16,8.326672684688674e-17,0.0,True,True,0.0,5.509665666333966e-05,-0.35635779688220626
network_047,Core-periphery,False,Constant bias,Node,0.019664353004973677,0.00224760444886192,0.0,True,False,0.0,3.850448576877499e-05,-0.3072526564581987
network_047,Core-periphery,False,Constant bias,Node + order,3.137092336204517e-16,8.326672684688674e-17,0.0,True,True,0.0,0.0,-0.29556884867751676
network_047,Core-periphery,False,Full DMWA,Node,0.020398689897850233,0.0022041866044673203,0.0,True,False,0.0,2.164320671946772e-05,-0.3081582546273434
network_047,Core-periphery,False,Full DMWA,Node + order,0.0017531828974992993,0.00031285327413990704,0.0,True,False,0.0,0.0,1.391063152367102e-16
network_047,Core-periphery,False,Full DMWA,Node + order + degree,2.7123289342806793e-16,5.551115123125783e-17,0.0,True,True,0.0,0.0,-0.2959761021353898
network_048,Modular,False,Coverage,Node,2.1852763701222214e-16,4.163336342344337e-17,0.0,True,True,0.0,0.00016568396447021603,-0.45811506761619736
network_048,Modular,False,Constant bias,Node,0.004980317490359413,0.0005378393335484302,0.0,True,False,0.0,0.00015618524558786112,-0.4542183356925367
network_048,Modular,False,Constant bias,Node + order,2.1718894723507024e-16,4.163336342344337e-17,0.0,True,True,0.0,3.695865212428774e-05,-0.45130466395858987
network_048,Modular,False,Full DMWA,Node,0.004935848783056093,0.0005441183377564648,0.0,True,False,0.0,0.00015043326690268995,-0.45415321750420473
network_048,Modular,False,Full DMWA,Node + order,0.0002356574395871628,4.1640626600225605e-05,0.0,True,False,0.0,3.614062665975453e-05,1.7117583210890735e-16
network_048,Modular,False,Full DMWA,Node + order + degree,2.0334981736886087e-16,4.163336342344337e-17,0.0,True,True,0.0,0.0,-0.4513889551412755
network_049,Random,False,Coverage,Node,2.1999891274808618e-16,4.163336342344337e-17,0.0,True,True,0.0,0.00013617230423083833,-0.4364329510354872
network_049,Random,False,Constant bias,Node,0.018681949720492617,0.0019335295581743503,0.0,True,False,0.0,0.00011039599437615117,-0.41219231374023907
network_049,Random,False,Constant bias,Node + order,2.2403031129177093e-16,5.551115123125783e-17,0.0,True,True,0.0,0.0,-0.39667165922235914
network_049,Random,False,Full DMWA,Node,0.01904359066794894,0.0019257916829568955,0.0,True,False,0.0,8.39164581092777e-05,-0.41319659569168354
network_049,Random,False,Full DMWA,Node + order,0.0007751249330718053,7.690173860994826e-05,0.0,True,False,0.0,0.0,6.761924105120315e-18
network_049,Random,False,Full DMWA,Node + order + degree,2.154469693103689e-16,4.163336342344337e-17,0.0,True,True,0.0,0.0,-0.3972208754495931
network_050,Core-periphery,False,Coverage,Node,2.9506992850317424e-16,1.1102230246251565e-16,0.0,True,True,0.0,0.00010564830275609777,-0.4217203633289476
network_050,Core-periphery,False,Constant bias,Node,0.0049889299844576565,0.0004944364048359365,0.0,True,False,0.0,0.00010035222983524459,-0.4057286549631829
network_050,Core-periphery,False,Constant bias,Node + order,2.6408756183167656e-16,6.938893903907228e-17,0.0,True,True,0.0,0.0,-0.40183917393755536
network_050,Core-periphery,False,Full DMWA,Node,0.005230214845311856,0.0004758931354489418,0.0,True,False,0.0,8.135664987585225e-05,-0.40642753751347344
network_050,Core-periphery,False,Full DMWA,Node + order,0.0006877552672503903,0.00010929614170520491,0.0,True,False,0.0,0.0,2.374653496909143e-16
network_050,Core-periphery,False,Full DMWA,Node + order + degree,2.1668244968341543e-16,5.551115123125783e-17,0.0,True,True,0.0,0.0,-0.4022702434889856
network_051,Modular,False,Coverage,Node,2.5644194438761293e-16,6.938893903907228e-17,0.0,True,True,0.0,1.1449158058218594e-05,-0.4402591603488724
network_051,Modular,False,Constant bias,Node,0.004840186688319308,0.00045902429413263723,0.0,True,False,0.0,6.987677139433608e-06,-0.43131846371749066
network_051,Modular,False,Constant bias,Node + order,2.503532629872063e-16,5.551115123125783e-17,0.0,True,True,0.0,0.0,-0.427860881390814
network_051,Modular,False,Full DMWA,Node,0.005021451057459295,0.0005750687118003875,0.0,True,False,0.0,3.696156349784187e-06,-0.4315239750941865
network_051,Modular,False,Full DMWA,Node + order,0.0013634337489468367,0.00019037148948235216,0.0,True,False,0.0,0.0,0.0
network_051,Modular,False,Full DMWA,Node + order + degree,1.9577340287088757e-16,2.7755575615628914e-17,0.0,True,True,0.0,0.0,-0.42812377760150294
network_052,Random,False,Coverage,Node,2.541748229342957e-16,8.326672684688674e-17,0.0,True,True,0.0,0.00015057208790499486,-0.4266920880291873
network_052,Random,False,Constant bias,Node,0.01011879181551785,0.0014437064746016248,0.0,True,False,0.0,0.0001341550896469357,-0.4094275535660329
network_052,Random,False,Constant bias,Node + order,2.598951427521802e-16,5.551115123125783e-17,0.0,True,True,0.0,0.0,-0.4028839080391491
network_052,Random,False,Full DMWA,Node,0.010698365158542321,0.0015036713290347142,0.0,True,False,0.0,0.00011226348121701626,-0.4101826978790474
network_052,Random,False,Full DMWA,Node + order,0.0006838172405849587,9.156670470160735e-05,0.0,True,False,0.0,0.0,5.811093776394581e-17
network_052,Random,False,Full DMWA,Node + order + degree,2.0678547189401976e-16,5.551115123125783e-17,0.0,True,True,0.0,0.0,-0.4033621315273128
network_053,Core-periphery,False,Coverage,Node,3.0441705885283725e-16,8.326672684688674e-17,0.0,True,True,0.0,3.5780967747762595e-05,-0.43090095561639485
network_053,Core-periphery,False,Constant bias,Node,0.004772959098980276,0.000555102745896062,0.0,True,False,0.0,3.244165538256823e-05,-0.4280645060970224
network_053,Core-periphery,False,Constant bias,Node + order,2.579832377162236e-16,8.326672684688674e-17,0.0,True,True,0.0,0.0,-0.43244711870061414
network_053,Core-periphery,False,Full DMWA,Node,0.004543330779505989,0.0005412937740967225,0.0,True,False,0.0,2.5020080611244704e-05,-0.42872103091423086
network_053,Core-periphery,False,Full DMWA,Node + order,0.0004405816986234724,5.8210803685204704e-05,0.0,True,False,0.0,0.0,0.0
network_053,Core-periphery,False,Full DMWA,Node + order + degree,2.403402386867766e-16,5.551115123125783e-17,0.0,True,True,0.0,0.0,-0.4327939604535831
network_054,Modular,False,Coverage,Node,2.5453090892642297e-16,5.551115123125783e-17,0.0,True,True,0.0,4.6442030073540975e-05,-0.4302488696214327
network_054,Modular,False,Constant bias,Node,0.0018814761763033484,0.0001995037201157103,0.0,True,False,0.0,4.300788474266188e-05,-0.4275584734692872
network_054,Modular,False,Constant bias,Node + order,2.2012486883437176e-16,4.163336342344337e-17,0.0,True,True,0.0,1.8803310109089923e-05,-0.42683610833925745
network_054,Modular,False,Full DMWA,Node,0.001930361569223053,0.00020366533120437513,0.0,True,False,0.0,4.0046981872645075e-05,-0.42771352048928263
network_054,Modular,False,Full DMWA,Node + order,0.0005036948654876922,5.216422621017597e-05,0.0,True,False,0.0,1.812092257338418e-05,1.162751912980261e-16
network_054,Modular,False,Full DMWA,Node + order + degree,1.7869056064036735e-16,4.163336342344337e-17,0.0,True,True,0.0,0.0,-0.42713351270336825
network_055,Random,False,Coverage,Node,2.6919603730129914e-16,6.938893903907228e-17,0.0,True,True,0.0,0.00013581562296325811,-0.44480188278377164
network_055,Random,False,Constant bias,Node,0.005257571291893212,0.0005298978250500436,0.0,True,False,0.0,0.00013401863448240365,-0.43927465987348036
network_055,Random,False,Constant bias,Node + order,2.286096982754375e-16,5.551115123125783e-17,0.0,True,True,0.0,5.861187787904777e-05,-0.43480940426600345
network_055,Random,False,Full DMWA,Node,0.005411464881312629,0.000537561265895499,0.0,True,False,0.0,0.00012012550563050342,-0.43980221795999236
network_055,Random,False,Full DMWA,Node + order,0.0007491224561789915,8.482453195536588e-05,0.0,True,False,0.0,5.507614624072418e-05,2.2397845451040144e-17
network_055,Random,False,Full DMWA,Node + order + degree,2.277275280087195e-16,5.551115123125783e-17,0.0,True,True,0.0,0.0,-0.43520601058572195
network_056,Core-periphery,False,Coverage,Node,3.172069429180706e-16,6.938893903907228e-17,0.0,True,True,0.0,2.3373602383633448e-05,-0.4387034723198777
network_056,Core-periphery,False,Constant bias,Node,0.005427704008065066,0.0006401453364955623,0.0,True,False,0.0,2.009563420023711e-05,-0.4372424321948577
network_056,Core-periphery,False,Constant bias,Node + order,2.2511980962010893e-16,5.551115123125783e-17,0.0,True,True,0.0,0.0,-0.44225246710890515
network_056,Core-periphery,False,Full DMWA,Node,0.005144968344569257,0.0006281438103101916,0.0,True,False,0.0,1.4972833705224679e-05,-0.4378313795265859
network_056,Core-periphery,False,Full DMWA,Node + order,0.00028576063374536877,4.3464106168830674e-05,0.0,True,False,0.0,0.0,0.0
network_056,Core-periphery,False,Full DMWA,Node + order + degree,2.2112378545585862e-16,5.551115123125783e-17,0.0,True,True,0.0,0.0,-0.44259979483009637
network_057,Modular,False,Coverage,Node,2.3779640812263563e-16,4.163336342344337e-17,0.0,True,True,0.0,8.290321335646204e-05,-0.4262464755920824
network_057,Modular,False,Constant bias,Node,0.021251734449763995,0.0020789570915976247,0.0,True,False,0.0,5.0828976788348186e-05,-0.39313636662166185
network_057,Modular,False,Constant bias,Node + order,2.2967392620504506e-16,5.551115123125783e-17,0.0,True,True,0.0,0.0,-0.3755336610380778
network_057,Modular,False,Full DMWA,Node,0.021686762235575637,0.0021451853589679326,0.0,True,False,0.0,3.262132615937835e-05,-0.3938944036311002
network_057,Modular,False,Full DMWA,Node + order,0.0013003276353129103,0.00019650932276502747,0.0,True,False,0.0,0.0,5.639813519052262e-17
network_057,Modular,False,Full DMWA,Node + order + degree,2.412288344967287e-16,4.163336342344337e-17,0.0,True,True,0.0,0.0,-0.3758293441166877
network_058,Random,False,Coverage,Node,2.6287408067648015e-16,5.551115123125783e-17,0.0,True,True,0.0,6.828850190665939e-05,-0.3845295165181821
network_058,Random,False,Constant bias,Node,0.02660623921212612,0.002215017275169172,0.0,True,False,0.0,6.254646342547373e-05,-0.2973111054254598
network_058,Random,False,Constant bias,Node + order,4.2082857651643445e-16,7.632783294297951e-17,0.0,True,True,0.0,0.0,-0.28150977224982365
network_058,Random,False,Full DMWA,Node,0.027434418763497177,0.002351175303478746,0.0,True,False,0.0,3.456044471790741e-05,-0.29807412975705483
network_058,Random,False,Full DMWA,Node + order,0.0009306237799273842,0.00013490956535060564,0.0,True,False,0.0,0.0,6.380114967112972e-17
network_058,Random,False,Full DMWA,Node + order + degree,2.8544171089973013e-16,5.551115123125783e-17,0.0,True,True,0.0,0.0,-0.2817489829435076
network_059,Core-periphery,False,Coverage,Node,2.4315815235885156e-16,5.551115123125783e-17,0.0,True,True,0.0,0.00016415442260573859,-0.4408441634233096
network_059,Core-periphery,False,Constant bias,Node,0.0032524662093394744,0.0002465083424863946,0.0,True,False,0.0,0.00015093314469794778,-0.43023502881368153
network_059,Core-periphery,False,Constant bias,Node + order,2.383509851775375e-16,6.938893903907228e-17,0.0,True,True,0.0,0.0,-0.42800015763356264
network_059,Core-periphery,False,Full DMWA,Node,0.00368293559656124,0.00027345280713278117,0.0,True,False,0.0,0.0001331824383428671,-0.43088037790983397
network_059,Core-periphery,False,Full DMWA,Node + order,0.0006857699463627873,8.237995667875753e-05,0.0,True,False,0.0,0.0,0.0
network_059,Core-periphery,False,Full DMWA,Node + order + degree,1.9307233545742334e-16,4.163336342344337e-17,0.0,True,True,0.0,0.0,-0.42833505636909347
network_060,Modular,False,Coverage,Node,2.3084699694854614e-16,4.85722573273506e-17,0.0,True,True,0.0,6.750790139831373e-05,-0.44304022095026696
network_060,Modular,False,Constant bias,Node,0.004050880836869766,0.0005231766833531902,0.0,True,False,0.0,6.221391856056204e-05,-0.44016070201063456
network_060,Modular,False,Constant bias,Node + order,2.2024228074124126e-16,4.163336342344337e-17,0.0,True,True,0.0,2.691462082585365e-05,-0.4382364257642796
network_060,Modular,False,Full DMWA,Node,0.0040211540263125605,0.0005289029221465236,0.0,True,False,0.0,5.821121137535632e-05,-0.4401466145934245
network_060,Modular,False,Full DMWA,Node + order,0.0003921994472488805,6.705875103049652e-05,0.0,True,False,0.0,2.6050967917503146e-05,2.7931431385376253e-16
network_060,Modular,False,Full DMWA,Node + order + degree,1.994162721967211e-16,3.469446951953614e-17,0.0,True,True,0.0,0.0,-0.4384766518952087
network_061,Random,False,Coverage,Node,3.616127337528042e-16,9.71445146547012e-17,0.0,True,True,0.0,0.00010991064959244099,-0.4130291355753011
network_061,Random,False,Constant bias,Node,0.0033546292976541696,0.000494995069274376,0.0,True,False,0.0,0.00011386171261482706,-0.3949443092548687
network_061,Random,False,Constant bias,Node + order,2.7450141598467217e-16,6.938893903907228e-17,0.0,True,True,0.0,0.0,-0.3954937666951863
network_061,Random,False,Full DMWA,Node,0.003673452971688219,0.0004831173389877666,0.0,True,False,0.0,9.828984517300495e-05,-0.3956301699820789
network_061,Random,False,Full DMWA,Node + order,0.00047720419663747866,6.687233367122514e-05,0.0,True,False,0.0,0.0,8.748503747026102e-17
network_061,Random,False,Full DMWA,Node + order + degree,2.6462072117096528e-16,5.551115123125783e-17,0.0,True,True,0.0,0.0,-0.3957578339617147
network_062,Core-periphery,False,Coverage,Node,2.394509163663174e-16,6.938893903907228e-17,0.0,True,True,0.0,6.295866667681026e-05,-0.4420042944914575
network_062,Core-periphery,False,Constant bias,Node,0.004544665872681824,0.00039154467576582586,0.0,True,False,0.0,5.328068413003124e-05,-0.42975856872586665
network_062,Core-periphery,False,Constant bias,Node + order,2.4272315874238917e-16,5.551115123125783e-17,0.0,True,True,0.0,0.0,-0.4260770066035325
network_062,Core-periphery,False,Full DMWA,Node,0.0050677183986555605,0.0004088578796790712,0.0,True,False,0.0,4.100725449241927e-05,-0.4304421558305564
network_062,Core-periphery,False,Full DMWA,Node + order,0.0009318245303863218,0.0001564977071654844,0.0,True,False,0.0,0.0,0.0
network_062,Core-periphery,False,Full DMWA,Node + order + degree,2.0827657972392967e-16,5.551115123125783e-17,0.0,True,True,0.0,0.0,-0.42647258797540105
network_063,Modular,False,Coverage,Node,2.628907191417126e-16,4.85722573273506e-17,0.0,True,True,0.0,0.0003419245266409878,-0.4894139147295147
network_063,Modular,False,Constant bias,Node,0.014688171759918664,0.0011931572925811054,0.0,True,False,0.0,0.00035691729724224416,-0.48882610953601424
network_063,Modular,False,Constant bias,Node + order,2.0799876261734895e-16,2.7755575615628914e-17,0.0,True,True,0.0,0.00015539025838281993,-0.47373785806516444
network_063,Modular,False,Full DMWA,Node,0.014650408231994275,0.001143096119964479,0.0,True,False,0.0,0.0003485485216606961,-0.4890122633510654
network_063,Modular,False,Full DMWA,Node + order,0.0005832889077713044,7.796241223442801e-05,0.0,True,False,0.0,0.00015406380439503142,4.2592783663675705e-16
network_063,Modular,False,Full DMWA,Node + order + degree,1.9913686163341262e-16,3.469446951953614e-17,0.0,True,True,0.0,0.0,-0.47410962766695647
network_064,Random,False,Coverage,Node,2.482724821958231e-16,8.326672684688674e-17,0.0,True,True,0.0,0.00011307104062342546,-0.4345544542874918
network_064,Random,False,Constant bias,Node,0.014924643912571723,0.0016449380597984564,0.0,True,False,0.0,0.0001042059766744235,-0.4121926513903925
network_064,Random,False,Constant bias,Node + order,2.282517019530434e-16,5.551115123125783e-17,0.0,True,True,0.0,0.0,-0.4008890213185018
network_064,Random,False,Full DMWA,Node,0.01508840139956223,0.0016304582059077227,0.0,True,False,0.0,8.481176248914458e-05,-0.4127358491900059
network_064,Random,False,Full DMWA,Node + order,0.0009266769235337768,0.00012058616696788982,0.0,True,False,0.0,0.0,5.667305177316779e-17
network_064,Random,False,Full DMWA,Node + order + degree,1.999901917107195e-16,4.163336342344337e-17,0.0,True,True,0.0,0.0,-0.40128729666818463
network_065,Core-periphery,False,Coverage,Node,2.766169590817083e-16,8.326672684688674e-17,0.0,True,True,0.0,0.00013345533889231283,-0.42635471036413
network_065,Core-periphery,False,Constant bias,Node,0.0024143529719340105,0.0002797215902836797,0.0,True,False,0.0,0.0001231329173449394,-0.4147473753815041
network_065,Core-periphery,False,Constant bias,Node + order,2.179409354975502e-16,5.551115123125783e-17,0.0,True,True,0.0,0.0,-0.41400537132651816
network_065,Core-periphery,False,Full DMWA,Node,0.0028768747030714615,0.0003465690753296641,0.0,True,False,0.0,0.00010824607533556134,-0.41539641493563273
network_065,Core-periphery,False,Full DMWA,Node + order,0.0004700263392196269,6.938158744483613e-05,0.0,True,False,0.0,0.0,0.0
network_065,Core-periphery,False,Full DMWA,Node + order + degree,1.9777270312995216e-16,5.551115123125783e-17,0.0,True,True,0.0,0.0,-0.41444539294154814
network_066,Modular,False,Coverage,Node,2.5057261987903584e-16,5.551115123125783e-17,0.0,True,True,0.0,0.00015035556670609486,-0.426841902781939
network_066,Modular,False,Constant bias,Node,0.004433045463125457,0.0004975915805936863,0.0,True,False,0.0,0.00013803971292405457,-0.41994357854989234
network_066,Modular,False,Constant bias,Node + order,2.1006144717913116e-16,5.551115123125783e-17,0.0,True,True,0.0,6.416621760564888e-05,-0.4179773595993499
network_066,Modular,False,Full DMWA,Node,0.004497997978853077,0.0005141687928160478,0.0,True,False,0.0,0.0001222062143853328,-0.4203824537554729
network_066,Modular,False,Full DMWA,Node + order,0.00030961811829795076,4.353832233521676e-05,0.0,True,False,0.0,6.027409020497828e-05,-3.6160917188971164e-16
network_066,Modular,False,Full DMWA,Node + order + degree,2.4104775358032973e-16,5.551115123125783e-17,0.0,True,True,0.0,0.0,-0.41823621506645714
network_067,Random,False,Coverage,Node,2.481510205928956e-16,5.551115123125783e-17,0.0,True,True,0.0,0.00017661806492657423,-0.4468570785577334
network_067,Random,False,Constant bias,Node,0.022323345971743548,0.0024601733080886756,0.0,True,False,0.0,0.00017043473461867615,-0.4199975075199991
network_067,Random,False,Constant bias,Node + order,2.5433166218574043e-16,5.551115123125783e-17,0.0,True,True,0.0,0.0,-0.400337067258714
network_067,Random,False,Full DMWA,Node,0.022644215939176073,0.002572765129317499,0.0,True,False,0.0,0.00014560562644490313,-0.4209006082643516
network_067,Random,False,Full DMWA,Node + order,0.0015116347100803695,0.00020096427729361654,0.0,True,False,0.0,0.0,1.0868138911466973e-16
network_067,Random,False,Full DMWA,Node + order + degree,2.4754393974104384e-16,5.551115123125783e-17,0.0,True,True,0.0,0.0,-0.4010668876470302
network_068,Core-periphery,False,Coverage,Node,2.38300971454815e-16,4.163336342344337e-17,0.0,True,True,0.0,0.00023466337083533358,-0.4307645805521366
network_068,Core-periphery,False,Constant bias,Node,0.009622272718650798,0.0006628313855598644,0.0,True,False,0.0,0.0002401770606739495,-0.40665962370961223
network_068,Core-periphery,False,Constant bias,Node + order,2.1500525885244065e-16,4.163336342344337e-17,0.0,True,True,0.0,0.0,-0.3996116910974846
network_068,Core-periphery,False,Full DMWA,Node,0.010098668195442964,0.0006747072038969133,0.0,True,False,0.0,0.00022346235317009452,-0.4073677286786235
network_068,Core-periphery,False,Full DMWA,Node + order,0.0005031206353011586,6.63534253466172e-05,0.0,True,False,0.0,0.0,4.694194409323996e-18
network_068,Core-periphery,False,Full DMWA,Node + order + degree,1.9220978642550504e-16,5.551115123125783e-17,0.0,True,True,0.0,0.0,-0.3998591619262377
network_069,Modular,False,Coverage,Node,2.336837417280687e-16,4.163336342344337e-17,0.0,True,True,0.0,0.0002058409788809162,-0.3872692823431976
network_069,Modular,False,Constant bias,Node,0.013403572672339235,0.001347168288181995,0.0,True,False,0.0,0.00019939023280329007,-0.3454301743250271
network_069,Modular,False,Constant bias,Node + order,2.2638330974029347e-16,4.163336342344337e-17,0.0,True,True,0.0,0.0,-0.3396795270621007
network_069,Modular,False,Full DMWA,Node,0.013401171710304575,0.0013333133453349022,0.0,True,False,0.0,0.00017850190485840814,-0.345775996369298
network_069,Modular,False,Full DMWA,Node + order,0.0004118569663752688,7.016115333059736e-05,0.0,True,False,0.0,0.0,1.1138074232090665e-16
network_069,Modular,False,Full DMWA,Node + order + degree,2.46789367973586e-16,4.163336342344337e-17,0.0,True,True,0.0,0.0,-0.33982877876521156
network_070,Random,False,Coverage,Node,2.395032228236662e-16,5.551115123125783e-17,0.0,True,True,0.0,0.00023899237848499833,-0.46341698272307774
network_070,Random,False,Constant bias,Node,0.02617050321414966,0.0020584034095991605,0.0,True,False,0.0,0.00021821563154284253,-0.44045183317848907
network_070,Random,False,Constant bias,Node + order,2.1616352330599297e-16,4.163336342344337e-17,0.0,True,True,0.0,0.0,-0.415129752102375
network_070,Random,False,Full DMWA,Node,0.026671794839933406,0.002153775861909464,0.0,True,False,0.0,0.00018689797664091375,-0.4415761847912294
network_070,Random,False,Full DMWA,Node + order,0.0016881248790441032,0.0001776328647931924,0.0,True,False,0.0,0.0,7.328088461704345e-17
network_070,Random,False,Full DMWA,Node + order + degree,2.0192412050265106e-16,4.163336342344337e-17,0.0,True,True,0.0,0.0,-0.41565170530374473
network_071,Core-periphery,False,Coverage,Node,2.748626109039826e-16,8.326672684688674e-17,0.0,True,True,0.0,8.328314054149544e-05,-0.36990042735352646
network_071,Core-periphery,False,Constant bias,Node,0.01765497505311253,0.0023192326836190685,0.0,True,False,0.0,5.361301014375868e-05,-0.3347466254157273
network_071,Core-periphery,False,Constant bias,Node + order,3.0558483057267855e-16,8.326672684688674e-17,0.0,True,True,0.0,0.0,-0.3230935867943162
network_071,Core-periphery,False,Full DMWA,Node,0.017769195504715375,0.0022450153165292502,0.0,True,False,0.0,3.503022389808158e-05,-0.3354474514107917
network_071,Core-periphery,False,Full DMWA,Node + order,0.0011369039774423162,0.00021790549005740179,0.0,True,False,0.0,0.0,0.0
network_071,Core-periphery,False,Full DMWA,Node + order + degree,3.6360208041216814e-16,1.1102230246251565e-16,0.0,True,True,0.0,0.0,-0.3236301905358555
network_072,Modular,False,Coverage,Node,2.384558316875556e-16,5.551115123125783e-17,0.0,True,True,0.0,0.00016718315415217033,-0.45471612224081603
network_072,Modular,False,Constant bias,Node,0.011148712947940856,0.0013155196160916788,0.0,True,False,0.0,0.00014934012966224926,-0.44609033578494134
network_072,Modular,False,Constant bias,Node + order,1.988956605108975e-16,4.163336342344337e-17,0.0,True,True,0.0,0.0,-0.43577214478766557
network_072,Modular,False,Full DMWA,Node,0.011201487639955501,0.0012368988116098073,0.0,True,False,0.0,0.00013501241359244783,-0.44659236184411255
network_072,Modular,False,Full DMWA,Node + order,0.0011478148246814024,0.000133201614450712,0.0,True,False,0.0,0.0,0.0
network_072,Modular,False,Full DMWA,Node + order + degree,1.8883153186950879e-16,4.163336342344337e-17,0.0,True,True,0.0,0.0,-0.4361878481214695
network_073,Random,False,Coverage,Node,2.6063959534753347e-16,6.938893903907228e-17,0.0,True,True,0.0,0.00012449137553391504,-0.3926411740025041
network_073,Random,False,Constant bias,Node,0.01521775359237582,0.001226820139851141,0.0,True,False,0.0,0.00012036009603523569,-0.3754652185001286
network_073,Random,False,Constant bias,Node + order,2.745142202684089e-16,5.551115123125783e-17,0.0,True,True,0.0,0.0,-0.3643582665267777
network_073,Random,False,Full DMWA,Node,0.015616747278610666,0.001316188023309961,0.0,True,False,0.0,0.00010176305960060546,-0.37634724446477974
network_073,Random,False,Full DMWA,Node + order,0.0014916591694932467,0.00016887174523320253,0.0,True,False,0.0,0.0,3.5308606677424156e-16
network_073,Random,False,Full DMWA,Node + order + degree,2.2099293260331978e-16,5.551115123125783e-17,0.0,True,True,0.0,0.0,-0.36476934854275644
network_074,Core-periphery,False,Coverage,Node,2.7419295068656417e-16,8.326672684688674e-17,0.0,True,True,0.0,2.5688965711181322e-05,-0.3808355043950272
network_074,Core-periphery,False,Constant bias,Node,0.005120724628618024,0.0007485691371398456,0.0,True,False,0.0,1.635824185517167e-05,-0.3584417079520187
network_074,Core-periphery,False,Constant bias,Node + order,2.517554679953442e-16,6.938893903907228e-17,0.0,True,True,0.0,0.0,-0.35596489003667986
network_074,Core-periphery,False,Full DMWA,Node,0.005711467170147104,0.0006885742500844505,0.0,True,False,0.0,7.461912066917354e-06,-0.3592207389599531
network_074,Core-periphery,False,Full DMWA,Node + order,0.0011849069866774096,0.00024579102330986313,0.0,True,False,0.0,0.0,0.0
network_074,Core-periphery,False,Full DMWA,Node + order + degree,2.675971284785925e-16,5.551115123125783e-17,0.0,True,True,0.0,0.0,-0.35642518853218813
network_075,Modular,False,Coverage,Node,2.7017984348381266e-16,5.551115123125783e-17,0.0,True,True,0.0,2.3257337849127822e-05,-0.36284186254366885
network_075,Modular,False,Constant bias,Node,0.007755134976838704,0.000642032491486224,0.0,True,False,0.0,1.1891448006566202e-05,-0.3306271248092698
network_075,Modular,False,Constant bias,Node + order,2.299503211323789e-16,5.551115123125783e-17,0.0,True,True,0.0,0.0,-0.3271617221563968
network_075,Modular,False,Full DMWA,Node,0.007796534172035594,0.0006266351475740575,0.0,True,False,0.0,8.008012752082014e-06,-0.33082793202571015
network_075,Modular,False,Full DMWA,Node + order,0.0006155136271368256,8.74179100141953e-05,0.0,True,False,0.0,0.0,1.88758496292765e-18
network_075,Modular,False,Full DMWA,Node + order + degree,2.0206510759904421e-16,4.163336342344337e-17,0.0,True,True,0.0,0.0,-0.32724473913664276
network_076,Random,False,Coverage,Node,2.272103263651044e-16,5.551115123125783e-17,0.0,True,True,0.0,0.00019565653641235233,-0.41136732325586245
network_076,Random,False,Constant bias,Node,0.017742738484517524,0.0017893502050243537,0.0,True,False,0.0,0.00019673186333771914,-0.3668872941749254
network_076,Random,False,Constant bias,Node + order,3.2510247151083957e-16,5.551115123125783e-17,0.0,True,True,0.0,0.0,-0.3541055877014502
network_076,Random,False,Full DMWA,Node,0.01824465235772289,0.0018434826526141437,0.0,True,False,0.0,0.00016513558085873788,-0.36777007684188245
network_076,Random,False,Full DMWA,Node + order,0.00070211522284723,8.413795219264913e-05,0.0,True,False,0.0,0.0,4.275611583915954e-17
network_076,Random,False,Full DMWA,Node + order + degree,2.133310536421587e-16,4.163336342344337e-17,0.0,True,True,0.0,0.0,-0.3545561059523167
network_077,Core-periphery,False,Coverage,Node,2.509101639754969e-16,5.551115123125783e-17,0.0,True,True,0.0,1.8162682627187472e-05,-0.4284101540918931
network_077,Core-periphery,False,Constant bias,Node,0.0028970885925598774,0.00034515378620114667,0.0,True,False,0.0,1.1434721653172903e-05,-0.41935136311866283
network_077,Core-periphery,False,Constant bias,Node + order,2.321296371476964e-16,8.326672684688674e-17,0.0,True,True,0.0,0.0,-0.4189763863009016
network_077,Core-periphery,False,Full DMWA,Node,0.0031358026209661995,0.000361596694972606,0.0,True,False,0.0,5.131091525317219e-06,-0.41991763897280643
network_077,Core-periphery,False,Full DMWA,Node + order,0.0006301038050198143,8.752357321472476e-05,0.0,True,False,0.0,0.0,0.0
network_077,Core-periphery,False,Full DMWA,Node + order + degree,1.9652246477342523e-16,4.163336342344337e-17,0.0,True,True,0.0,0.0,-0.41920711480517403
network_078,Modular,False,Coverage,Node,2.4200950846275326e-16,5.551115123125783e-17,0.0,True,True,0.0,1.4922001157950347e-05,-0.38780160918919154
network_078,Modular,False,Constant bias,Node,0.007417925881642313,0.0007839285956570061,0.0,True,False,0.0,8.056734551188522e-06,-0.3692031096340092
network_078,Modular,False,Constant bias,Node + order,2.1951608576354986e-16,5.551115123125783e-17,0.0,True,True,0.0,0.0,-0.3652810228767319
network_078,Modular,False,Full DMWA,Node,0.00764130332277382,0.0008743322524822142,0.0,True,False,0.0,6.079916451646676e-06,-0.36932834677360554
network_078,Modular,False,Full DMWA,Node + order,0.0007064630895112094,0.00010407247617566506,0.0,True,False,0.0,0.0,7.431697267204345e-16
network_078,Modular,False,Full DMWA,Node + order + degree,2.3628974339160396e-16,5.551115123125783e-17,0.0,True,True,0.0,0.0,-0.365564879044218
network_079,Random,False,Coverage,Node,2.5824663243941565e-16,8.326672684688674e-17,0.0,True,True,0.0,0.00010929671226177482,-0.39384399664585046
network_079,Random,False,Constant bias,Node,0.04442995998331283,0.004471265632522453,0.0,True,False,0.0,0.0001054382428041123,-0.31980456300569327
network_079,Random,False,Constant bias,Node + order,2.6109008775195996e-16,6.938893903907228e-17,0.0,True,True,0.0,0.0,-0.2915129219625688
network_079,Random,False,Full DMWA,Node,0.04534091883325393,0.004478402763095642,0.0,True,False,0.0,6.020072472458533e-05,-0.32101087238808856
network_079,Random,False,Full DMWA,Node + order,0.0013439735944304205,0.00018064982132608154,0.0,True,False,0.0,0.0,2.09800837647608e-16
network_079,Random,False,Full DMWA,Node + order + degree,2.388503035295873e-16,5.551115123125783e-17,0.0,True,True,0.0,0.0,-0.2919632590920699
network_080,Core-periphery,False,Coverage,Node,2.7846670647621535e-16,1.1102230246251565e-16,0.0,True,True,0.0,0.00010048454948742047,-0.395116907394945
network_080,Core-periphery,False,Constant bias,Node,0.0042238379984518085,0.0004737313302824592,0.0,True,False,0.0,9.267245868553504e-05,-0.3765387292383444
network_080,Core-periphery,False,Constant bias,Node + order,2.218904866322737e-16,5.551115123125783e-17,0.0,True,True,0.0,0.0,-0.37452964156715485
network_080,Core-periphery,False,Full DMWA,Node,0.004923390251789048,0.0005110518348722531,0.0,True,False,0.0,6.962265971243016e-05,-0.37735095585974016
network_080,Core-periphery,False,Full DMWA,Node + order,0.0006638693380678708,0.00013171029290012098,0.0,True,False,0.0,0.0,0.0
network_080,Core-periphery,False,Full DMWA,Node + order + degree,2.1186555155529892e-16,5.551115123125783e-17,0.0,True,True,0.0,0.0,-0.37500569390632876
network_081,Modular,False,Coverage,Node,2.3922908608651953e-16,4.163336342344337e-17,0.0,True,True,0.0,0.00023159594919644626,-0.40746642247504794
network_081,Modular,False,Constant bias,Node,0.058445833111891846,0.005932432668705197,0.0,True,False,0.0,0.0002525512918475054,-0.2797828938983204
network_081,Modular,False,Constant bias,Node + order,3.030442843061889e-16,4.85722573273506e-17,0.0,True,True,0.0,0.0,-0.24494520888899696
network_081,Modular,False,Full DMWA,Node,0.059329575169536464,0.00607158122916128,0.0,True,False,0.0,0.00020671585317074217,-0.28067560713426337
network_081,Modular,False,Full DMWA,Node + order,0.002228245777960225,0.00028406130094631166,0.0,True,False,0.0,0.0,0.0
network_081,Modular,False,Full DMWA,Node + order + degree,3.1589167772619086e-16,5.551115123125783e-17,0.0,True,True,0.0,0.0,-0.24536948032558525
network_082,Random,False,Coverage,Node,3.1287152884825604e-16,8.326672684688674e-17,0.0,True,True,0.0,3.893023917744893e-05,-0.4148791067782561
network_082,Random,False,Constant bias,Node,0.0026631844431523233,0.000402413309897931,0.0,True,False,0.0,3.18262655491734e-05,-0.40123060905815
network_082,Random,False,Constant bias,Node + order,2.232617722602883e-16,6.938893903907228e-17,0.0,True,True,0.0,0.0,-0.40113322051218936
network_082,Random,False,Full DMWA,Node,0.0031717906943914756,0.0004998613596036566,0.0,True,False,0.0,2.039002213330779e-05,-0.40201909501059063
network_082,Random,False,Full DMWA,Node + order,0.0005707092325669474,8.34847765296999e-05,0.0,True,False,0.0,0.0,0.0
network_082,Random,False,Full DMWA,Node + order + degree,1.9876442923357895e-16,5.551115123125783e-17,0.0,True,True,0.0,0.0,-0.4015178451459057
network_083,Core-periphery,False,Coverage,Node,2.490319622353969e-16,5.551115123125783e-17,0.0,True,True,0.0,0.00012618473163075904,-0.44341433637184613
network_083,Core-periphery,False,Constant bias,Node,0.010638762822875373,0.0010264868501042232,0.0,True,False,0.0,0.00012112805951946294,-0.4297874223088752
network_083,Core-periphery,False,Constant bias,Node + order,2.1746922835086493e-16,4.163336342344337e-17,0.0,True,True,0.0,5.631634336900837e-05,-0.42157091244283634
network_083,Core-periphery,False,Full DMWA,Node,0.010486354003604951,0.0009395750810368836,0.0,True,False,0.0,0.00011268492100871739,-0.4300392953798429
network_083,Core-periphery,False,Full DMWA,Node + order,0.0006414685663995034,0.00010680206828442979,0.0,True,False,0.0,5.4384567643393796e-05,1.0941592922199067e-16
network_083,Core-periphery,False,Full DMWA,Node + order + degree,1.8043435315813118e-16,4.163336342344337e-17,0.0,True,True,0.0,0.0,-0.42186538052815564
network_084,Modular,False,Coverage,Node,2.324256881952686e-16,4.163336342344337e-17,0.0,True,True,0.0,0.0002256937804458878,-0.4757332854606437
network_084,Modular,False,Constant bias,Node,0.006065896295260024,0.0003842340388226506,0.0,True,False,0.0,0.00020208084347569135,-0.46889155758748013
network_084,Modular,False,Constant bias,Node + order,2.0313775791151895e-16,4.163336342344337e-17,0.0,True,True,0.0,5.8424073974984885e-05,-0.4645840979186302
network_084,Modular,False,Full DMWA,Node,0.006066143017908154,0.00040476394135430596,0.0,True,False,0.0,0.00019455309392626212,-0.46889603484259523
network_084,Modular,False,Full DMWA,Node + order,0.0002677333359674719,3.147340101885762e-05,0.0,True,False,0.0,5.7441515208520934e-05,4.4060843250150353e-16
network_084,Modular,False,Full DMWA,Node + order + degree,1.942693499627156e-16,4.163336342344337e-17,0.0,True,True,0.0,0.0,-0.46466657076552875
network_085,Random,False,Coverage,Node,2.570007484245626e-16,6.938893903907228e-17,0.0,True,True,0.0,0.00019476325959998079,-0.4558913902247738
network_085,Random,False,Constant bias,Node,0.0185276429229773,0.0015951742154653864,0.0,True,False,0.0,0.0002008436481822131,-0.43565789570593955
network_085,Random,False,Constant bias,Node + order,2.088632546996639e-16,5.551115123125783e-17,0.0,True,True,0.0,0.0,-0.41915062986992135
network_085,Random,False,Full DMWA,Node,0.019359827537663753,0.001602616919707818,0.0,True,False,0.0,0.00017772272588300082,-0.43720586209875467
network_085,Random,False,Full DMWA,Node + order,0.0008965428529236819,0.0001366134062203983,0.0,True,False,0.0,0.0,1.497978872103683e-16
network_085,Random,False,Full DMWA,Node + order + degree,1.9762570663344643e-16,4.163336342344337e-17,0.0,True,True,0.0,0.0,-0.41978689661823054
network_086,Core-periphery,False,Coverage,Node,2.5628745140764195e-16,8.326672684688674e-17,0.0,True,True,0.0,6.894355843943568e-05,-0.41968544721148104
network_086,Core-periphery,False,Constant bias,Node,0.00626807707230264,0.0006701256587786295,0.0,True,False,0.0,5.3463853208252414e-05,-0.4042288885559146
network_086,Core-periphery,False,Constant bias,Node + order,2.503010702237692e-16,6.938893903907228e-17,0.0,True,True,0.0,0.0,-0.400775238316847
network_086,Core-periphery,False,Full DMWA,Node,0.006482186107817515,0.00067689504105755,0.0,True,False,0.0,3.707581184487851e-05,-0.40461313716078023
network_086,Core-periphery,False,Full DMWA,Node + order,0.00033115304313090845,5.867472680551322e-05,0.0,True,False,0.0,0.0,6.615025686645718e-17
network_086,Core-periphery,False,Full DMWA,Node + order + degree,2.3039684597346893e-16,5.551115123125783e-17,0.0,True,True,0.0,0.0,-0.40105723854279063
network_087,Modular,False,Coverage,Node,2.719561986654951e-16,6.938893903907228e-17,0.0,True,True,0.0,0.0002065105866125618,-0.4279483543283469
network_087,Modular,False,Constant bias,Node,0.010529038760381018,0.0013986155155682883,0.0,True,False,0.0,0.00019106785636711774,-0.42168332693726274
network_087,Modular,False,Constant bias,Node + order,2.4568957296368596e-16,8.326672684688674e-17,0.0,True,True,0.0,5.0309697794261015e-05,-0.4130280701208724
network_087,Modular,False,Full DMWA,Node,0.010263219929742646,0.0012311175987793424,0.0,True,False,0.0,0.00018316815335595266,-0.4221831277461452
network_087,Modular,False,Full DMWA,Node + order,0.00114051829192264,0.00015923870556547315,0.0,True,False,0.0,4.870061132411797e-05,2.6663311092777397e-16
network_087,Modular,False,Full DMWA,Node + order + degree,2.203074057252786e-16,5.551115123125783e-17,0.0,True,True,0.0,0.0,-0.41349328151108045
network_088,Random,False,Coverage,Node,2.51939140542282e-16,5.551115123125783e-17,0.0,True,True,0.0,6.36618927837931e-05,-0.44724462970278134
network_088,Random,False,Constant bias,Node,0.0038150253914500695,0.0003733874982281629,0.0,True,False,0.0,5.598021473839232e-05,-0.4371801810469427
network_088,Random,False,Constant bias,Node + order,2.239650809400065e-16,5.551115123125783e-17,0.0,True,True,0.0,0.0,-0.4347594303130037
network_088,Random,False,Full DMWA,Node,0.004371816043766709,0.00043811299281358573,0.0,True,False,0.0,4.3710685783329145e-05,-0.4378052149380919
network_088,Random,False,Full DMWA,Node + order,0.0006857529472484424,8.239975046034353e-05,0.0,True,False,0.0,0.0,1.846396299742814e-16
network_088,Random,False,Full DMWA,Node + order + degree,2.590045876383166e-16,6.938893903907228e-17,0.0,True,True,0.0,0.0,-0.4350316921813936
network_089,Core-periphery,False,Coverage,Node,2.455729173086318e-16,5.551115123125783e-17,0.0,True,True,0.0,1.3175524301666708e-05,-0.4293950167009004
network_089,Core-periphery,False,Constant bias,Node,0.007275897212404827,0.0005533689065149797,0.0,True,False,0.0,8.306960332498171e-06,-0.41488662480895044
network_089,Core-periphery,False,Constant bias,Node + order,2.5187942234712228e-16,5.551115123125783e-17,0.0,True,True,0.0,0.0,-0.40895419649325393
network_089,Core-periphery,False,Full DMWA,Node,0.007703821691649053,0.000628356252953044,0.0,True,False,0.0,3.870970586842536e-06,-0.4154904015397159
network_089,Core-periphery,False,Full DMWA,Node + order,0.00047504272518125734,6.782261006633983e-05,0.0,True,False,0.0,0.0,3.779568617919185e-17
network_089,Core-periphery,False,Full DMWA,Node + order + degree,2.752317592251573e-16,5.551115123125783e-17,0.0,True,True,0.0,0.0,-0.4091893397915055
network_090,Modular,False,Coverage,Node,2.25126822869356e-16,4.163336342344337e-17,0.0,True,True,0.0,0.000327084042517325,-0.48992620035657153
network_090,Modular,False,Constant bias,Node,0.014278409787986428,0.0010299606723808141,0.0,True,False,0.0,0.0003500442277649899,-0.4870620182454726
network_090,Modular,False,Constant bias,Node + order,2.48648093422286e-16,5.551115123125783e-17,0.0,True,True,0.0,0.00015576659676658325,-0.4716409341254013
network_090,Modular,False,Full DMWA,Node,0.01417151688394532,0.0009902851307420565,0.0,True,False,0.0,0.00033928154913878634,-0.4871618289749387
network_090,Modular,False,Full DMWA,Node + order,0.0010481203623799388,0.00013594698032139835,0.0,True,False,0.0,0.0001541723126394172,8.786615881508602e-17
network_090,Modular,False,Full DMWA,Node + order + degree,2.089388622145937e-16,4.163336342344337e-17,0.0,True,True,0.0,0.0,-0.471887884833418
network_091,Random,False,Coverage,Node,2.58431318761095e-16,8.326672684688674e-17,0.0,True,True,0.0,0.00021032116494885657,-0.4210494986113603
network_091,Random,False,Constant bias,Node,0.01791159990507154,0.0016512113767442882,0.0,True,False,0.0,0.00018758846502535037,-0.38937218049397937
network_091,Random,False,Constant bias,Node + order,2.4995115389947237e-16,4.163336342344337e-17,0.0,True,True,0.0,0.0,-0.37461559301314684
network_091,Random,False,Full DMWA,Node,0.018186538955570587,0.0016775952418458806,0.0,True,False,0.0,0.0001572134101890122,-0.39010555370644867
network_091,Random,False,Full DMWA,Node + order,0.0023310417809613007,0.00036890852029182117,0.0,True,False,0.0,0.0,3.020274791183221e-17
network_091,Random,False,Full DMWA,Node + order + degree,2.232101674863138e-16,5.551115123125783e-17,0.0,True,True,0.0,0.0,-0.37501842534688734
network_092,Core-periphery,False,Coverage,Node,3.2455724395426335e-16,8.326672684688674e-17,0.0,True,True,0.0,8.87138221840283e-05,-0.4272224657301662
network_092,Core-periphery,False,Constant bias,Node,0.0042403631631885595,0.0004960740363552998,0.0,True,False,0.0,8.186680182814275e-05,-0.42251470633677213
network_092,Core-periphery,False,Constant bias,Node + order,2.675057484554833e-16,8.326672684688674e-17,0.0,True,True,0.0,0.0,-0.42614174030465124
network_092,Core-periphery,False,Full DMWA,Node,0.0039027901620424968,0.00044295671557152,0.0,True,False,0.0,6.802208623881578e-05,-0.42312467602767645
network_092,Core-periphery,False,Full DMWA,Node + order,0.0006405877798173049,0.00012554576712167295,0.0,True,False,0.0,0.0,0.0
network_092,Core-periphery,False,Full DMWA,Node + order + degree,2.655231624552814e-16,8.326672684688674e-17,0.0,True,True,0.0,0.0,-0.42652455009728196
network_093,Modular,False,Coverage,Node,2.607542004908177e-16,5.551115123125783e-17,0.0,True,True,0.0,7.307636651614591e-05,-0.34411774800883277
network_093,Modular,False,Constant bias,Node,0.006322119297763159,0.0006466412911040158,0.0,True,False,0.0,5.312522487941452e-05,-0.30863445053459915
network_093,Modular,False,Constant bias,Node + order,3.0208330121054425e-16,6.938893903907228e-17,0.0,True,True,0.0,0.0,-0.30610621998281773
network_093,Modular,False,Full DMWA,Node,0.00712751997708961,0.0007397034162825826,0.0,True,False,0.0,2.6205402721445673e-05,-0.3092677004784654
network_093,Modular,False,Full DMWA,Node + order,0.0005109690860034752,9.718523641772531e-05,0.0,True,False,0.0,0.0,1.3706205542768106e-17
network_093,Modular,False,Full DMWA,Node + order + degree,2.8466062180947116e-16,5.551115123125783e-17,0.0,True,True,0.0,0.0,-0.3062807082475135
network_094,Random,False,Coverage,Node,2.3946820001567097e-16,8.326672684688674e-17,0.0,True,True,0.0,0.00010128631362448687,-0.39471559860427363
network_094,Random,False,Constant bias,Node,0.02225194615153313,0.0021350365002808097,0.0,True,False,0.0,7.67816717325867e-05,-0.3548626570914033
network_094,Random,False,Constant bias,Node + order,2.4011191636009084e-16,8.326672684688674e-17,0.0,True,True,0.0,0.0,-0.33937051985338657
network_094,Random,False,Full DMWA,Node,0.022822915273062964,0.0021990101922616523,0.0,True,False,0.0,5.316926193411089e-05,-0.356038676151354
network_094,Random,False,Full DMWA,Node + order,0.0009356458334987157,0.0001624725386525326,0.0,True,False,0.0,0.0,1.556210312521662e-17
network_094,Random,False,Full DMWA,Node + order + degree,1.925352830203957e-16,4.163336342344337e-17,0.0,True,True,0.0,0.0,-0.33989866205941227
network_095,Core-periphery,False,Coverage,Node,2.8051992072519696e-16,9.71445146547012e-17,0.0,True,True,0.0,2.8532493953832095e-05,-0.40687104212091785
network_095,Core-periphery,False,Constant bias,Node,0.0042168427451647165,0.00047352866635363977,0.0,True,False,0.0,2.478765091810725e-05,-0.39589244907496246
network_095,Core-periphery,False,Constant bias,Node + order,2.4596400735806847e-16,8.326672684688674e-17,0.0,True,True,0.0,0.0,-0.39884110231507064
network_095,Core-periphery,False,Full DMWA,Node,0.0041178956729997565,0.0004599399827050765,0.0,True,False,0.0,1.7874329147210496e-05,-0.3965372158612792
network_095,Core-periphery,False,Full DMWA,Node + order,0.0005478232409737999,7.816719980677234e-05,0.0,True,False,0.0,0.0,0.0
network_095,Core-periphery,False,Full DMWA,Node + order + degree,1.9175088836673454e-16,4.163336342344337e-17,0.0,True,True,0.0,0.0,-0.3990987992116499
network_096,Modular,False,Coverage,Node,2.4054604421306003e-16,5.551115123125783e-17,0.0,True,True,0.0,0.0003019487157062436,-0.4291911351871184
network_096,Modular,False,Constant bias,Node,0.008699302236887757,0.0006735796993762276,0.0,True,False,0.0,0.0002972985291215537,-0.4099316874409829
network_096,Modular,False,Constant bias,Node + order,2.471080605565818e-16,4.85722573273506e-17,0.0,True,True,0.0,7.250206038966433e-05,-0.4057521998982282
network_096,Modular,False,Full DMWA,Node,0.008833296604566578,0.0006914136606303335,0.0,True,False,0.0,0.00028572745838093883,-0.4101030783357953
network_096,Modular,False,Full DMWA,Node + order,0.0005860699856556776,7.870243588355835e-05,0.0,True,False,0.0,7.0677535306572e-05,9.619306721333601e-17
network_096,Modular,False,Full DMWA,Node + order + degree,2.41955648809716e-16,4.163336342344337e-17,0.0,True,True,0.0,0.0,-0.40577886431276144
network_097,Random,False,Coverage,Node,2.8413137863372683e-16,1.1102230246251565e-16,0.0,True,True,0.0,0.00013288323278897064,-0.4421620079423373
network_097,Random,False,Constant bias,Node,0.004368082884888869,0.0004826614319542212,0.0,True,False,0.0,0.00012983383093763176,-0.4305666905587555
network_097,Random,False,Constant bias,Node + order,2.292325976618644e-16,5.551115123125783e-17,0.0,True,True,0.0,5.3784052184298656e-05,-0.4292098630892232
network_097,Random,False,Full DMWA,Node,0.004360068789291694,0.00045425491332946877,0.0,True,False,0.0,0.0001174026449907438,-0.4309341336421305
network_097,Random,False,Full DMWA,Node + order,0.0005494049919108515,9.434089396941764e-05,0.0,True,False,0.0,5.126404793691029e-05,-0.42942535297927875
network_097,Random,False,Full DMWA,Node + order + degree,1.9988448608599871e-16,4.163336342344337e-17,0.0,True,True,0.0,0.0,-0.42944555410685475
network_098,Core-periphery,False,Coverage,Node,2.6119901910955926e-16,8.326672684688674e-17,0.0,True,True,0.0,4.725526816763741e-05,-0.3624282387980091
network_098,Core-periphery,False,Constant bias,Node,0.013565823429317848,0.0019249513576784366,0.0,True,False,0.0,3.212528109590656e-05,-0.33424697952263294
network_098,Core-periphery,False,Constant bias,Node + order,3.024389229861942e-16,1.3877787807814457e-16,0.0,True,True,0.0,0.0,-0.32596391543392655
network_098,Core-periphery,False,Full DMWA,Node,0.014396164937308232,0.0019303703725783716,0.0,True,False,0.0,1.654154951115439e-05,-0.33532211745486395
network_098,Core-periphery,False,Full DMWA,Node + order,0.0005373824883779071,7.142028203346168e-05,0.0,True,False,0.0,0.0,4.3393599932329737e-17
network_098,Core-periphery,False,Full DMWA,Node + order + degree,2.394385257545255e-16,8.326672684688674e-17,0.0,True,True,0.0,0.0,-0.32647255645098666
network_099,Modular,False,Coverage,Node,2.3947466470639595e-16,4.163336342344337e-17,0.0,True,True,0.0,0.0003757415804323242,-0.4913369174570062
network_099,Modular,False,Constant bias,Node,0.014621970656108133,0.0011491423753762428,0.0,True,False,0.0,0.00039221452091020554,-0.48862448113617857
network_099,Modular,False,Constant bias,Node + order,2.853647779583216e-16,4.163336342344337e-17,0.0,True,True,0.0,0.0001463336383118433,-0.47454927269577774
network_099,Modular,False,Full DMWA,Node,0.01445980767116074,0.0010945351212285626,0.0,True,False,0.0,0.00038335127784177924,-0.4887491009665575
network_099,Modular,False,Full DMWA,Node + order,0.0003534926428355088,4.228414214525744e-05,0.0,True,False,0.0,0.00014552035924507477,9.696031600288775e-17
network_099,Modular,False,Full DMWA,Node + order + degree,2.508632385497312e-16,4.163336342344337e-17,0.0,True,True,0.0,0.0,-0.47473237451990374
network_100,Random,False,Coverage,Node,2.87663763609365e-16,6.938893903907228e-17,0.0,True,True,0.0,9.86392731744113e-05,-0.4304166637505833
network_100,Random,False,Constant bias,Node,0.002628650177191894,0.00023341033135319822,0.0,True,False,0.0,8.948930457939477e-05,-0.4204209572942291
network_100,Random,False,Constant bias,Node + order,2.360621922694791e-16,5.551115123125783e-17,0.0,True,True,0.0,0.0,-0.41984009755792007
network_100,Random,False,Full DMWA,Node,0.0029365704442761145,0.0002472957762199232,0.0,True,False,0.0,7.786958237643132e-05,-0.42078023036502943
network_100,Random,False,Full DMWA,Node + order,0.0005539350408545224,7.215459285338927e-05,0.0,True,False,0.0,0.0,1.4407395532631023e-17
network_100,Random,False,Full DMWA,Node + order + degree,2.128098525974142e-16,5.551115123125783e-17,0.0,True,True,0.0,0.0,-0.42002320426956186
