model,gain,spectral_rate,direct_eigen_rate,eta
Chain-attached,0.0,-1.0,-1.0,0.8100194992713261
Chain-attached,0.005,-0.9938273090900924,-0.9938273090900922,0.8100194992713261
Chain-attached,0.01,-0.9876546181801849,-0.9876546181801859,0.8100194992713261
Chain-attached,0.015,-0.9814819272702773,-0.9814819272702767,0.8100194992713261
Chain-attached,0.02,-0.9753092363603697,-0.9753092363603704,0.8100194992713261
Chain-attached,0.025,-0.9691365454504621,-0.9691365454504612,0.8100194992713261
Chain-attached,0.03,-0.9629638545405546,-0.9629638545405534,0.8100194992713261
Chain-attached,0.035,-0.956791163630647,-0.9567911636306455,0.8100194992713261
Chain-attached,0.04,-0.9506184727207394,-0.950618472720739,0.8100194992713261
Chain-attached,0.045,-0.9444457818108318,-0.944445781810832,0.8100194992713261
Chain-attached,0.05,-0.9382730909009243,-0.9382730909009247,0.8100194992713261
Chain-attached,0.055,-0.9321003999910167,-0.9321003999910163,0.8100194992713261
Chain-attached,0.06,-0.9259277090811091,-0.9259277090811088,0.8100194992713261
Chain-attached,0.065,-0.9197550181712015,-0.9197550181712018,0.8100194992713261
Chain-attached,0.07,-0.913582327261294,-0.913582327261294,0.8100194992713261
Chain-attached,0.075,-0.9074096363513864,-0.9074096363513875,0.8100194992713261
Chain-attached,0.08,-0.9012369454414788,-0.9012369454414791,0.8100194992713261
Chain-attached,0.085,-0.8950642545315712,-0.8950642545315715,0.8100194992713261
Chain-attached,0.09,-0.8888915636216637,-0.8888915636216634,0.8100194992713261
Chain-attached,0.095,-0.8827188727117561,-0.8827188727117561,0.8100194992713261
Chain-attached,0.1,-0.8765461818018485,-0.8765461818018495,0.8100194992713261
Chain-attached,0.105,-0.8703734908919409,-0.8703734908919413,0.8100194992713261
Chain-attached,0.11,-0.8642007999820334,-0.8642007999820334,0.8100194992713261
Chain-attached,0.115,-0.8580281090721258,-0.8580281090721256,0.8100194992713261
Chain-attached,0.12,-0.8518554181622182,-0.8518554181622169,0.8100194992713261
Chain-attached,0.125,-0.8456827272523106,-0.8456827272523105,0.8100194992713261
Chain-attached,0.13,-0.8395100363424031,-0.8395100363424026,0.8100194992713261
Chain-attached,0.135,-0.8333373454324955,-0.8333373454324957,0.8100194992713261
Chain-attached,0.14,-0.8271646545225879,-0.8271646545225877,0.8100194992713261
Chain-attached,0.145,-0.8209919636126803,-0.8209919636126802,0.8100194992713261
Chain-attached,0.15,-0.8148192727027728,-0.8148192727027733,0.8100194992713261
Chain-attached,0.155,-0.8086465817928652,-0.8086465817928647,0.8100194992713261
Chain-attached,0.16,-0.8024738908829576,-0.8024738908829576,0.8100194992713261
Chain-attached,0.165,-0.79630119997305,-0.7963011999730499,0.8100194992713261
Chain-attached,0.17,-0.7901285090631425,-0.7901285090631421,0.8100194992713261
Chain-attached,0.17500000000000002,-0.7839558181532349,-0.7839558181532352,0.8100194992713261
Chain-attached,0.18,-0.7777831272433273,-0.7777831272433269,0.8100194992713261
Chain-attached,0.185,-0.7716104363334197,-0.7716104363334189,0.8100194992713261
Chain-attached,0.19,-0.7654377454235122,-0.7654377454235123,0.8100194992713261
Chain-attached,0.195,-0.7592650545136046,-0.759265054513604,0.8100194992713261
Chain-attached,0.2,-0.753092363603697,-0.7530923636036966,0.8100194992713261
Chain-attached,0.20500000000000002,-0.7469196726937894,-0.7469196726937894,0.8100194992713261
Chain-attached,0.21,-0.7407469817838819,-0.7407469817838821,0.8100194992713261
Chain-attached,0.215,-0.7345742908739743,-0.7345742908739744,0.8100194992713261
Chain-attached,0.22,-0.7284015999640667,-0.7284015999640666,0.8100194992713261
Chain-attached,0.225,-0.7222289090541592,-0.7222289090541596,0.8100194992713261
Chain-attached,0.23,-0.7160562181442516,-0.7160562181442516,0.8100194992713261
Chain-attached,0.23500000000000001,-0.709883527234344,-0.7098835272343441,0.8100194992713261
Chain-attached,0.24,-0.7037108363244364,-0.7037108363244363,0.8100194992713261
Chain-attached,0.245,-0.6975381454145289,-0.6975381454145293,0.8100194992713261
Chain-attached,0.25,-0.6913654545046213,-0.691365454504622,0.8100194992713261
Chain-attached,0.255,-0.6851927635947137,-0.6851927635947135,0.8100194992713261
Chain-attached,0.26,-0.6790200726848061,-0.6790200726848061,0.8100194992713261
Chain-attached,0.265,-0.6728473817748986,-0.6728473817748984,0.8100194992713261
Chain-attached,0.27,-0.666674690864991,-0.6666746908649899,0.8100194992713261
Chain-attached,0.275,-0.6605019999550834,-0.6605019999550832,0.8100194992713261
Chain-attached,0.28,-0.6543293090451758,-0.6543293090451756,0.8100194992713261
Chain-attached,0.28500000000000003,-0.6481566181352683,-0.6481566181352686,0.8100194992713261
Chain-attached,0.29,-0.6419839272253607,-0.6419839272253611,0.8100194992713261
Chain-attached,0.295,-0.6358112363154531,-0.6358112363154536,0.8100194992713261
Chain-attached,0.3,-0.6296385454055455,-0.6296385454055458,0.8100194992713261
Chain-attached,0.305,-0.623465854495638,-0.623465854495639,0.8100194992713261
Chain-attached,0.31,-0.6172931635857304,-0.6172931635857297,0.8100194992713261
Chain-attached,0.315,-0.6111204726758228,-0.6111204726758233,0.8100194992713261
Chain-attached,0.32,-0.6049477817659152,-0.6049477817659159,0.8100194992713261
Chain-attached,0.325,-0.5987750908560077,-0.5987750908560071,0.8100194992713261
Chain-attached,0.33,-0.5926023999461001,-0.5926023999461009,0.8100194992713261
Chain-attached,0.335,-0.5864297090361925,-0.5864297090361927,0.8100194992713261
Chain-attached,0.34,-0.5802570181262849,-0.5802570181262849,0.8100194992713261
Chain-attached,0.34500000000000003,-0.5740843272163774,-0.5740843272163765,0.8100194992713261
Chain-attached,0.35000000000000003,-0.5679116363064698,-0.5679116363064703,0.8100194992713261
Chain-attached,0.355,-0.5617389453965622,-0.5617389453965626,0.8100194992713261
Chain-attached,0.36,-0.5555662544866546,-0.5555662544866545,0.8100194992713261
Chain-attached,0.365,-0.5493935635767471,-0.5493935635767468,0.8100194992713261
Chain-attached,0.37,-0.5432208726668395,-0.5432208726668394,0.8100194992713261
Chain-attached,0.375,-0.5370481817569319,-0.5370481817569316,0.8100194992713261
Chain-attached,0.38,-0.5308754908470243,-0.5308754908470239,0.8100194992713261
Chain-attached,0.385,-0.5247027999371168,-0.5247027999371165,0.8100194992713261
Chain-attached,0.39,-0.5185301090272092,-0.5185301090272095,0.8100194992713261
Chain-attached,0.395,-0.5123574181173016,-0.5123574181173014,0.8100194992713261
Chain-attached,0.4,-0.506184727207394,-0.506184727207394,0.8100194992713261
Chain-attached,0.405,-0.5000120362974865,-0.5000120362974869,0.8100194992713261
Chain-attached,0.41000000000000003,-0.4938393453875788,-0.4938393453875789,0.8100194992713261
Chain-attached,0.41500000000000004,-0.4876666544776712,-0.4876666544776713,0.8100194992713261
Chain-attached,0.42,-0.48149396356776375,-0.48149396356776397,0.8100194992713261
Chain-attached,0.425,-0.4753212726578562,-0.4753212726578563,0.8100194992713261
Chain-attached,0.43,-0.4691485817479486,-0.4691485817479495,0.8100194992713261
Chain-attached,0.435,-0.462975890838041,-0.462975890838041,0.8100194992713261
Chain-attached,0.44,-0.45680319992813345,-0.45680319992813334,0.8100194992713261
Chain-attached,0.445,-0.4506305090182259,-0.450630509018226,0.8100194992713261
Chain-attached,0.45,-0.4444578181083183,-0.4444578181083183,0.8100194992713261
Chain-attached,0.455,-0.43828512719841073,-0.43828512719841084,0.8100194992713261
Chain-attached,0.46,-0.43211243628850315,-0.43211243628850315,0.8100194992713261
Chain-attached,0.465,-0.42593974537859547,-0.4259397453785958,0.8100194992713261
Chain-attached,0.47000000000000003,-0.4197670544686879,-0.41976705446868845,0.8100194992713261
Chain-attached,0.47500000000000003,-0.4135943635587803,-0.4135943635587809,0.8100194992713261
Chain-attached,0.48,-0.40742167264887286,-0.4074216726488731,0.8100194992713261
Chain-attached,0.485,-0.4012489817389653,-0.40124898173896595,0.8100194992713261
Chain-attached,0.49,-0.3950762908290577,-0.39507629082905793,0.8100194992713261
Chain-attached,0.495,-0.38890359991915013,-0.3889035999191506,0.8100194992713261
Chain-attached,0.5,-0.38273090900924256,-0.3827309090092428,0.8100194992713261
Chain-attached,0.505,-0.376558218099335,-0.37655821809933543,0.8100194992713261
Chain-attached,0.51,-0.3703855271894274,-0.37038552718942763,0.8100194992713261
Chain-attached,0.515,-0.36421283627951984,-0.36421283627951984,0.8100194992713261
Chain-attached,0.52,-0.35804014536961215,-0.35804014536961204,0.8100194992713261
Chain-attached,0.525,-0.3518674544597046,-0.35186745445970513,0.8100194992713261
Chain-attached,0.53,-0.345694763549797,-0.3456947635497971,0.8100194992713261
Chain-attached,0.535,-0.3395220726398894,-0.3395220726398891,0.8100194992713261
Chain-attached,0.54,-0.33334938172998185,-0.3333493817299824,0.8100194992713261
Chain-attached,0.545,-0.3271766908200743,-0.32717669082007483,0.8100194992713261
Chain-attached,0.55,-0.3210039999101667,-0.32100399991016704,0.8100194992713261
Chain-attached,0.555,-0.31483130900025913,-0.314831309000259,0.8100194992713261
Chain-attached,0.56,-0.30865861809035156,-0.3086586180903521,0.8100194992713261
Chain-attached,0.5650000000000001,-0.302485927180444,-0.30248592718044454,0.8100194992713261
Chain-attached,0.5700000000000001,-0.2963132362705364,-0.29631323627053696,0.8100194992713261
Chain-attached,0.5750000000000001,-0.29014054536062883,-0.2901405453606294,0.8100194992713261
Chain-attached,0.58,-0.28396785445072137,-0.28396785445072203,0.8100194992713261
Chain-attached,0.585,-0.2777951635408138,-0.27779516354081424,0.8100194992713261
Chain-attached,0.59,-0.2716224726309062,-0.2716224726309069,0.8100194992713261
Chain-attached,0.595,-0.26544978172099865,-0.26544978172099887,0.8100194992713261
Chain-attached,0.6,-0.25927709081109107,-0.25927709081109174,0.8100194992713261
Chain-attached,0.605,-0.2531043999011835,-0.2531043999011837,0.8100194992713261
Chain-attached,0.61,-0.24693170899127592,-0.2469317089912766,0.8100194992713261
Chain-attached,0.615,-0.24075901808136835,-0.2407590180813688,0.8100194992713261
Chain-attached,0.62,-0.23458632717146077,-0.234586327171461,0.8100194992713261
Chain-attached,0.625,-0.2284136362615532,-0.22841363626155364,0.8100194992713261
Chain-attached,0.63,-0.22224094535164562,-0.22224094535164562,0.8100194992713261
Chain-attached,0.635,-0.21606825444173805,-0.21606825444173805,0.8100194992713261
Chain-attached,0.64,-0.20989556353183036,-0.20989556353183092,0.8100194992713261
Chain-attached,0.645,-0.2037228726219228,-0.20372287262192335,0.8100194992713261
Chain-attached,0.65,-0.19755018171201522,-0.19755018171201533,0.8100194992713261
Chain-attached,0.655,-0.19137749080210764,-0.19137749080210797,0.8100194992713261
Chain-attached,0.66,-0.18520479989220007,-0.18520479989220062,0.8100194992713261
Chain-attached,0.665,-0.1790321089822925,-0.17903210898229327,0.8100194992713261
Chain-attached,0.67,-0.17285941807238492,-0.1728594180723857,0.8100194992713261
Chain-attached,0.675,-0.16668672716247734,-0.16668672716247768,0.8100194992713261
Chain-attached,0.68,-0.16051403625256977,-0.16051403625257032,0.8100194992713261
Chain-attached,0.685,-0.1543413453426622,-0.15434134534266253,0.8100194992713261
Chain-attached,0.6900000000000001,-0.14816865443275462,-0.14816865443275518,0.8100194992713261
Chain-attached,0.6950000000000001,-0.14199596352284705,-0.14199596352284782,0.8100194992713261
Chain-attached,0.7000000000000001,-0.13582327261293947,-0.13582327261294025,0.8100194992713261
Chain-attached,0.705,-0.129650581703032,-0.12965058170303267,0.8100194992713261
Chain-attached,0.71,-0.12347789079312443,-0.12347789079312488,0.8100194992713261
Chain-attached,0.715,-0.11730519988321686,-0.11730519988321753,0.8100194992713261
Chain-attached,0.72,-0.11113250897330929,-0.11113250897330995,0.8100194992713261
Chain-attached,0.725,-0.10495981806340171,-0.10495981806340238,0.8100194992713261
Chain-attached,0.73,-0.09878712715349414,-0.09878712715349502,0.8100194992713261
Chain-attached,0.735,-0.09261443624358656,-0.092614436243587,0.8100194992713261
Chain-attached,0.74,-0.08644174533367899,-0.08644174533367943,0.8100194992713261
Chain-attached,0.745,-0.08026905442377141,-0.0802690544237723,0.8100194992713261
Chain-attached,0.75,-0.07409636351386384,-0.0740963635138645,0.8100194992713261
Chain-attached,0.755,-0.06792367260395626,-0.06792367260395671,0.8100194992713261
Chain-attached,0.76,-0.06175098169404858,-0.061750981694049134,0.8100194992713261
Chain-attached,0.765,-0.055578290784141005,-0.05557829078414156,0.8100194992713261
Chain-attached,0.77,-0.04940559987423343,-0.04940559987423421,0.8100194992713261
Chain-attached,0.775,-0.043232908964325856,-0.04323290896432663,0.8100194992713261
Chain-attached,0.78,-0.03706021805441828,-0.037060218054418614,0.8100194992713261
Chain-attached,0.785,-0.030887527144510707,-0.030887527144511262,0.8100194992713261
Chain-attached,0.79,-0.024714836234603133,-0.024714836234603466,0.8100194992713261
Chain-attached,0.795,-0.018542145324695558,-0.018542145324696335,0.8100194992713261
Chain-attached,0.8,-0.012369454414787984,-0.012369454414788539,0.8100194992713261
Chain-attached,0.805,-0.006196763504880409,-0.006196763504880742,0.8100194992713261
Chain-attached,0.81,-2.407259497283487e-05,-2.4072594973167938e-05,0.8100194992713261
Chain-attached,0.8150000000000001,0.0061486183149348506,0.006148618314933962,0.8100194992713261
Chain-attached,0.8200000000000001,0.012321309224842425,0.012321309224841981,0.8100194992713261
Chain-attached,0.8250000000000001,0.01849400013475,0.01849400013474911,0.8100194992713261
Chain-attached,0.8300000000000001,0.024666691044657574,0.024666691044656908,0.8100194992713261
Chain-attached,0.835,0.030839381954564926,0.030839381954564482,0.8100194992713261
Chain-attached,0.84,0.0370120728644725,0.03701207286447228,0.8100194992713261
Chain-attached,0.845,0.043184763774380075,0.04318476377437963,0.8100194992713261
Chain-attached,0.85,0.04935745468428765,0.04935745468428698,0.8100194992713261
Chain-attached,0.855,0.055530145594195224,0.05553014559419478,0.8100194992713261
Chain-attached,0.86,0.0617028365041028,0.06170283650410191,0.8100194992713261
Chain-attached,0.865,0.06787552741401037,0.06787552741400993,0.8100194992713261
Chain-attached,0.87,0.07404821832391795,0.07404821832391728,0.8100194992713261
Chain-attached,0.875,0.08022090923382552,0.08022090923382441,0.8100194992713261
Chain-attached,0.88,0.0863936001437331,0.08639360014373221,0.8100194992713261
Chain-attached,0.885,0.09256629105364067,0.09256629105364023,0.8100194992713261
Chain-attached,0.89,0.09873898196354824,0.0987389819635478,0.8100194992713261
Chain-attached,0.895,0.10491167287345582,0.10491167287345515,0.8100194992713261
Chain-attached,0.9,0.1110843637833634,0.1110843637833625,0.8100194992713261
Chain-attached,0.905,0.11725705469327097,0.1172570546932703,0.8100194992713261
Chain-attached,0.91,0.12342974560317854,0.1234297456031781,0.8100194992713261
Chain-attached,0.915,0.12960243651308612,0.12960243651308545,0.8100194992713261
Chain-attached,0.92,0.1357751274229937,0.13577512742299302,0.8100194992713261
Chain-attached,0.925,0.1419478183329015,0.14194781833290082,0.8100194992713261
Chain-attached,0.93,0.14812050924280906,0.1481205092428084,0.8100194992713261
Chain-attached,0.935,0.15429320015271664,0.15429320015271575,0.8100194992713261
Chain-attached,0.9400000000000001,0.1604658910626242,0.16046589106262332,0.8100194992713261
Chain-attached,0.9450000000000001,0.16663858197253179,0.1666385819725309,0.8100194992713261
Chain-attached,0.9500000000000001,0.17281127288243936,0.17281127288243825,0.8100194992713261
Chain-attached,0.9550000000000001,0.17898396379234693,0.17898396379234627,0.8100194992713261
Chain-attached,0.96,0.1851566547022543,0.1851566547022534,0.8100194992713261
Chain-attached,0.965,0.19132934561216186,0.1913293456121612,0.8100194992713261
Chain-attached,0.97,0.19750203652206944,0.19750203652206877,0.8100194992713261
Chain-attached,0.975,0.203674727431977,0.20367472743197634,0.8100194992713261
Chain-attached,0.98,0.20984741834188458,0.20984741834188347,0.8100194992713261
Chain-attached,0.985,0.21602010925179216,0.21602010925179127,0.8100194992713261
Chain-attached,0.99,0.22219280016169973,0.22219280016169907,0.8100194992713261
Chain-attached,0.995,0.2283654910716073,0.22836549107160642,0.8100194992713261
Chain-attached,1.0,0.23453818198151488,0.234538181981514,0.8100194992713261
Chain-attached,1.0050000000000001,0.24071087289142268,0.24071087289142157,0.8100194992713261
Chain-attached,1.01,0.24688356380133003,0.24688356380132936,0.8100194992713261
Chain-attached,1.0150000000000001,0.2530562547112378,0.25305625471123716,0.8100194992713261
Chain-attached,1.02,0.2592289456211452,0.25922894562114496,0.8100194992713261
Chain-attached,1.025,0.26540163653105275,0.2654016365310514,0.8100194992713261
Chain-attached,1.03,0.27157432744096033,0.27157432744095944,0.8100194992713261
Chain-attached,1.035,0.2777470183508679,0.2777470183508668,0.8100194992713261
Chain-attached,1.04,0.2839197092607757,0.2839197092607746,0.8100194992713261
Chain-attached,1.045,0.29009240017068305,0.29009240017068216,0.8100194992713261
Chain-attached,1.05,0.29626509108059085,0.29626509108058974,0.8100194992713261
Chain-attached,1.055,0.3024377819904982,0.3024377819904973,0.8100194992713261
Chain-attached,1.06,0.308610472900406,0.3086104729004049,0.8100194992713261
Chain-attached,1.065,0.31478316381031335,0.3147831638103127,0.8100194992713261
Chain-attached,1.07,0.32095585472022115,0.32095585472022004,0.8100194992713261
Chain-attached,1.075,0.3271285456301285,0.32712854563012783,0.8100194992713261
Chain-attached,1.08,0.3333012365400363,0.33330123654003496,0.8100194992713261
Chain-attached,1.085,0.33947392744994365,0.33947392744994276,0.8100194992713261
Chain-attached,1.09,0.34564661835985144,0.34564661835985055,0.8100194992713261
Chain-attached,1.095,0.3518193092697588,0.35181930926975724,0.8100194992713261
Chain-attached,1.1,0.3579920001796666,0.35799200017966504,0.8100194992713261
Chain-attached,1.105,0.36416469108957394,0.36416469108957306,0.8100194992713261
Chain-attached,1.11,0.37033738199948174,0.37033738199948174,0.8100194992713261
Chain-attached,1.115,0.3765100729093891,0.37651007290938754,0.8100194992713261
Chain-attached,1.12,0.3826827638192969,0.382682763819296,0.8100194992713261
Chain-attached,1.125,0.38885545472920424,0.3888554547292038,0.8100194992713261
Chain-attached,1.1300000000000001,0.39502814563911204,0.39502814563911115,0.8100194992713261
Chain-attached,1.135,0.4012008365490194,0.40120083654901806,0.8100194992713261
Chain-attached,1.1400000000000001,0.4073735274589272,0.4073735274589261,0.8100194992713261
Chain-attached,1.145,0.41354621836883454,0.4135462183688341,0.8100194992713261
Chain-attached,1.1500000000000001,0.41971890927874234,0.419718909278741,0.8100194992713261
Chain-attached,1.155,0.4258916001886497,0.42589160018864813,0.8100194992713261
Chain-attached,1.16,0.43206429109855726,0.43206429109855593,0.8100194992713261
Chain-attached,1.165,0.43823698200846506,0.43823698200846395,0.8100194992713261
Chain-attached,1.17,0.4444096729183724,0.4444096729183715,0.8100194992713261
Chain-attached,1.175,0.4505823638282802,0.45058236382827865,0.8100194992713261
Chain-attached,1.18,0.45675505473818756,0.456755054738186,0.8100194992713261
Chain-attached,1.185,0.46292774564809536,0.46292774564809447,0.8100194992713261
Chain-attached,1.19,0.4691004365580027,0.46910043655800115,0.8100194992713261
Chain-attached,1.195,0.4752731274679105,0.4752731274679096,0.8100194992713261
Chain-attached,1.2,0.48144581837781786,0.48144581837781675,0.8100194992713261
Hub-attached,0.0,-1.0,-1.0,0.9053736922080979
Hub-attached,0.005,-0.994477418503507,-0.994477418503507,0.9053736922080979
Hub-attached,0.01,-0.988954837007014,-0.9889548370070143,0.9053736922080979
Hub-attached,0.015,-0.9834322555105209,-0.9834322555105204,0.9053736922080979
Hub-attached,0.02,-0.977909674014028,-0.977909674014029,0.9053736922080979
Hub-attached,0.025,-0.972387092517535,-0.9723870925175342,0.9053736922080979
Hub-attached,0.03,-0.966864511021042,-0.9668645110210424,0.9053736922080979
Hub-attached,0.035,-0.9613419295245489,-0.9613419295245488,0.9053736922080979
Hub-attached,0.04,-0.9558193480280559,-0.9558193480280563,0.9053736922080979
Hub-attached,0.045,-0.9502967665315629,-0.9502967665315625,0.9053736922080979
Hub-attached,0.05,-0.9447741850350699,-0.9447741850350697,0.9053736922080979
Hub-attached,0.055,-0.9392516035385768,-0.9392516035385784,0.9053736922080979
Hub-attached,0.06,-0.9337290220420839,-0.9337290220420829,0.9053736922080979
Hub-attached,0.065,-0.9282064405455909,-0.928206440545591,0.9053736922080979
Hub-attached,0.07,-0.9226838590490979,-0.9226838590490978,0.9053736922080979
Hub-attached,0.075,-0.9171612775526048,-0.9171612775526048,0.9053736922080979
Hub-attached,0.08,-0.9116386960561118,-0.9116386960561133,0.9053736922080979
Hub-attached,0.085,-0.9061161145596188,-0.9061161145596196,0.9053736922080979
Hub-attached,0.09,-0.9005935330631258,-0.9005935330631263,0.9053736922080979
Hub-attached,0.095,-0.8950709515666329,-0.8950709515666333,0.9053736922080979
Hub-attached,0.1,-0.8895483700701398,-0.8895483700701408,0.9053736922080979
Hub-attached,0.105,-0.8840257885736468,-0.8840257885736462,0.9053736922080979
Hub-attached,0.11,-0.8785032070771538,-0.8785032070771543,0.9053736922080979
Hub-attached,0.115,-0.8729806255806607,-0.8729806255806607,0.9053736922080979
Hub-attached,0.12,-0.8674580440841677,-0.8674580440841677,0.9053736922080979
Hub-attached,0.125,-0.8619354625876747,-0.8619354625876757,0.9053736922080979
Hub-attached,0.13,-0.8564128810911817,-0.8564128810911826,0.9053736922080979
Hub-attached,0.135,-0.8508902995946888,-0.8508902995946895,0.9053736922080979
Hub-attached,0.14,-0.8453677180981957,-0.8453677180981959,0.9053736922080979
Hub-attached,0.145,-0.8398451366017027,-0.8398451366017023,0.9053736922080979
Hub-attached,0.15,-0.8343225551052097,-0.8343225551052105,0.9053736922080979
Hub-attached,0.155,-0.8287999736087166,-0.8287999736087159,0.9053736922080979
Hub-attached,0.16,-0.8232773921122236,-0.8232773921122258,0.9053736922080979
Hub-attached,0.165,-0.8177548106157306,-0.8177548106157313,0.9053736922080979
Hub-attached,0.17,-0.8122322291192376,-0.8122322291192374,0.9053736922080979
Hub-attached,0.17500000000000002,-0.8067096476227447,-0.806709647622745,0.9053736922080979
Hub-attached,0.18,-0.8011870661262517,-0.8011870661262521,0.9053736922080979
Hub-attached,0.185,-0.7956644846297586,-0.795664484629759,0.9053736922080979
Hub-attached,0.19,-0.7901419031332656,-0.7901419031332665,0.9053736922080979
Hub-attached,0.195,-0.7846193216367725,-0.7846193216367733,0.9053736922080979
Hub-attached,0.2,-0.7790967401402795,-0.7790967401402795,0.9053736922080979
Hub-attached,0.20500000000000002,-0.7735741586437865,-0.7735741586437865,0.9053736922080979
Hub-attached,0.21,-0.7680515771472936,-0.7680515771472944,0.9053736922080979
Hub-attached,0.215,-0.7625289956508006,-0.762528995650801,0.9053736922080979
Hub-attached,0.22,-0.7570064141543076,-0.7570064141543078,0.9053736922080979
Hub-attached,0.225,-0.7514838326578145,-0.7514838326578153,0.9053736922080979
Hub-attached,0.23,-0.7459612511613215,-0.7459612511613212,0.9053736922080979
Hub-attached,0.23500000000000001,-0.7404386696648284,-0.7404386696648286,0.9053736922080979
Hub-attached,0.24,-0.7349160881683354,-0.7349160881683355,0.9053736922080979
Hub-attached,0.245,-0.7293935066718424,-0.7293935066718432,0.9053736922080979
Hub-attached,0.25,-0.7238709251753495,-0.7238709251753502,0.9053736922080979
Hub-attached,0.255,-0.7183483436788565,-0.7183483436788565,0.9053736922080979
Hub-attached,0.26,-0.7128257621823635,-0.7128257621823639,0.9053736922080979
Hub-attached,0.265,-0.7073031806858704,-0.707303180685871,0.9053736922080979
Hub-attached,0.27,-0.7017805991893774,-0.7017805991893784,0.9053736922080979
Hub-attached,0.275,-0.6962580176928843,-0.6962580176928843,0.9053736922080979
Hub-attached,0.28,-0.6907354361963913,-0.6907354361963916,0.9053736922080979
Hub-attached,0.28500000000000003,-0.6852128546998983,-0.685212854699899,0.9053736922080979
Hub-attached,0.29,-0.6796902732034054,-0.679690273203406,0.9053736922080979
Hub-attached,0.295,-0.6741676917069124,-0.6741676917069127,0.9053736922080979
Hub-attached,0.3,-0.6686451102104194,-0.6686451102104196,0.9053736922080979
Hub-attached,0.305,-0.6631225287139264,-0.6631225287139265,0.9053736922080979
Hub-attached,0.31,-0.6575999472174333,-0.657599947217433,0.9053736922080979
Hub-attached,0.315,-0.6520773657209403,-0.6520773657209396,0.9053736922080979
Hub-attached,0.32,-0.6465547842244472,-0.6465547842244477,0.9053736922080979
Hub-attached,0.325,-0.6410322027279542,-0.641032202727954,0.9053736922080979
Hub-attached,0.33,-0.6355096212314613,-0.6355096212314624,0.9053736922080979
Hub-attached,0.335,-0.6299870397349683,-0.6299870397349687,0.9053736922080979
Hub-attached,0.34,-0.6244644582384753,-0.6244644582384755,0.9053736922080979
Hub-attached,0.34500000000000003,-0.6189418767419822,-0.6189418767419831,0.9053736922080979
Hub-attached,0.35000000000000003,-0.6134192952454892,-0.6134192952454897,0.9053736922080979
Hub-attached,0.355,-0.6078967137489962,-0.6078967137489962,0.9053736922080979
Hub-attached,0.36,-0.6023741322525032,-0.6023741322525031,0.9053736922080979
Hub-attached,0.365,-0.5968515507560102,-0.5968515507560102,0.9053736922080979
Hub-attached,0.37,-0.5913289692595172,-0.591328969259517,0.9053736922080979
Hub-attached,0.375,-0.5858063877630242,-0.5858063877630242,0.9053736922080979
Hub-attached,0.38,-0.5802838062665312,-0.5802838062665323,0.9053736922080979
Hub-attached,0.385,-0.5747612247700382,-0.5747612247700389,0.9053736922080979
Hub-attached,0.39,-0.5692386432735451,-0.5692386432735459,0.9053736922080979
Hub-attached,0.395,-0.5637160617770521,-0.563716061777052,0.9053736922080979
Hub-attached,0.4,-0.558193480280559,-0.5581934802805597,0.9053736922080979
Hub-attached,0.405,-0.5526708987840661,-0.5526708987840668,0.9053736922080979
Hub-attached,0.41000000000000003,-0.5471483172875731,-0.5471483172875731,0.9053736922080979
Hub-attached,0.41500000000000004,-0.5416257357910801,-0.5416257357910794,0.9053736922080979
Hub-attached,0.42,-0.5361031542945871,-0.5361031542945871,0.9053736922080979
Hub-attached,0.425,-0.5305805727980941,-0.5305805727980946,0.9053736922080979
Hub-attached,0.43,-0.5250579913016011,-0.5250579913016018,0.9053736922080979
Hub-attached,0.435,-0.5195354098051082,-0.519535409805109,0.9053736922080979
Hub-attached,0.44,-0.514012828308615,-0.5140128283086164,0.9053736922080979
Hub-attached,0.445,-0.508490246812122,-0.5084902468121217,0.9053736922080979
Hub-attached,0.45,-0.502967665315629,-0.50296766531563,0.9053736922080979
Hub-attached,0.455,-0.497445083819136,-0.49744508381913577,0.9053736922080979
Hub-attached,0.46,-0.491922502322643,-0.49192250232264323,0.9053736922080979
Hub-attached,0.465,-0.48639992082615,-0.4863999208261508,0.9053736922080979
Hub-attached,0.47000000000000003,-0.4808773393296569,-0.4808773393296566,0.9053736922080979
Hub-attached,0.47500000000000003,-0.47535475783316394,-0.47535475783316405,0.9053736922080979
Hub-attached,0.48,-0.46983217633667096,-0.4698321763366723,0.9053736922080979
Hub-attached,0.485,-0.464309594840178,-0.46430959484017786,0.9053736922080979
Hub-attached,0.49,-0.458787013343685,-0.4587870133436859,0.9053736922080979
Hub-attached,0.495,-0.4532644318471919,-0.45326443184719256,0.9053736922080979
Hub-attached,0.5,-0.4477418503506989,-0.44774185035069936,0.9053736922080979
Hub-attached,0.505,-0.4422192688542059,-0.4422192688542059,0.9053736922080979
Hub-attached,0.51,-0.43669668735771294,-0.4366966873577134,0.9053736922080979
Hub-attached,0.515,-0.43117410586121985,-0.43117410586122085,0.9053736922080979
Hub-attached,0.52,-0.42565152436472686,-0.4256515243647271,0.9053736922080979
Hub-attached,0.525,-0.4201289428682339,-0.420128942868234,0.9053736922080979
Hub-attached,0.53,-0.4146063613717408,-0.41460636137174167,0.9053736922080979
Hub-attached,0.535,-0.4090837798752478,-0.40908377987524813,0.9053736922080979
Hub-attached,0.54,-0.4035611983787548,-0.40356119837875537,0.9053736922080979
Hub-attached,0.545,-0.39803861688226183,-0.3980386168822623,0.9053736922080979
Hub-attached,0.55,-0.39251603538576874,-0.3925160353857695,0.9053736922080979
Hub-attached,0.555,-0.38699345388927575,-0.38699345388927653,0.9053736922080979
Hub-attached,0.56,-0.38147087239278277,-0.3814708723927831,0.9053736922080979
Hub-attached,0.5650000000000001,-0.37594829089628967,-0.37594829089629034,0.9053736922080979
Hub-attached,0.5700000000000001,-0.3704257093997967,-0.3704257093997976,0.9053736922080979
Hub-attached,0.5750000000000001,-0.3649031279033037,-0.36490312790330437,0.9053736922080979
Hub-attached,0.58,-0.35938054640681083,-0.35938054640681094,0.9053736922080979
Hub-attached,0.585,-0.35385796491031773,-0.3538579649103186,0.9053736922080979
Hub-attached,0.59,-0.34833538341382475,-0.3483353834138254,0.9053736922080979
Hub-attached,0.595,-0.34281280191733177,-0.34281280191733265,0.9053736922080979
Hub-attached,0.6,-0.3372902204208388,-0.33729022042083967,0.9053736922080979
Hub-attached,0.605,-0.3317676389243457,-0.33176763892434646,0.9053736922080979
Hub-attached,0.61,-0.3262450574278527,-0.32624505742785326,0.9053736922080979
Hub-attached,0.615,-0.3207224759313597,-0.3207224759313605,0.9053736922080979
Hub-attached,0.62,-0.3151998944348666,-0.31519989443486707,0.9053736922080979
Hub-attached,0.625,-0.30967731293837364,-0.3096773129383745,0.9053736922080979
Hub-attached,0.63,-0.30415473144188065,-0.3041547314418813,0.9053736922080979
Hub-attached,0.635,-0.29863214994538767,-0.29863214994538856,0.9053736922080979
Hub-attached,0.64,-0.2931095684488946,-0.2931095684488947,0.9053736922080979
Hub-attached,0.645,-0.2875869869524016,-0.2875869869524019,0.9053736922080979
Hub-attached,0.65,-0.2820644054559086,-0.28206440545590916,0.9053736922080979
Hub-attached,0.655,-0.2765418239594155,-0.27654182395941596,0.9053736922080979
Hub-attached,0.66,-0.2710192424629225,-0.2710192424629232,0.9053736922080979
Hub-attached,0.665,-0.26549666096642954,-0.2654966609664302,0.9053736922080979
Hub-attached,0.67,-0.25997407946993656,-0.259974079469937,0.9053736922080979
Hub-attached,0.675,-0.25445149797344346,-0.25445149797344446,0.9053736922080979
Hub-attached,0.68,-0.24892891647695048,-0.24892891647695126,0.9053736922080979
Hub-attached,0.685,-0.2434063349804575,-0.24340633498045827,0.9053736922080979
Hub-attached,0.6900000000000001,-0.2378837534839644,-0.23788375348396507,0.9053736922080979
Hub-attached,0.6950000000000001,-0.23236117198747142,-0.23236117198747208,0.9053736922080979
Hub-attached,0.7000000000000001,-0.22683859049097843,-0.2268385904909791,0.9053736922080979
Hub-attached,0.705,-0.22131600899448556,-0.22131600899448634,0.9053736922080979
Hub-attached,0.71,-0.21579342749799246,-0.21579342749799335,0.9053736922080979
Hub-attached,0.715,-0.21027084600149948,-0.21027084600150037,0.9053736922080979
Hub-attached,0.72,-0.2047482645050065,-0.20474826450500716,0.9053736922080979
Hub-attached,0.725,-0.1992256830085135,-0.19922568300851418,0.9053736922080979
Hub-attached,0.73,-0.19370310151202041,-0.19370310151202097,0.9053736922080979
Hub-attached,0.735,-0.18818052001552743,-0.18818052001552843,0.9053736922080979
Hub-attached,0.74,-0.18265793851903445,-0.18265793851903522,0.9053736922080979
Hub-attached,0.745,-0.17713535702254135,-0.17713535702254202,0.9053736922080979
Hub-attached,0.75,-0.17161277552604837,-0.17161277552604903,0.9053736922080979
Hub-attached,0.755,-0.16609019402955538,-0.16609019402955627,0.9053736922080979
Hub-attached,0.76,-0.1605676125330624,-0.1605676125330633,0.9053736922080979
Hub-attached,0.765,-0.1550450310365693,-0.15504503103656964,0.9053736922080979
Hub-attached,0.77,-0.14952244954007632,-0.1495224495400771,0.9053736922080979
Hub-attached,0.775,-0.14399986804358333,-0.1439998680435839,0.9053736922080979
Hub-attached,0.78,-0.13847728654709024,-0.1384772865470909,0.9053736922080979
Hub-attached,0.785,-0.13295470505059725,-0.13295470505059792,0.9053736922080979
Hub-attached,0.79,-0.12743212355410427,-0.12743212355410538,0.9053736922080979
Hub-attached,0.795,-0.12190954205761129,-0.12190954205761173,0.9053736922080979
Hub-attached,0.8,-0.11638696056111819,-0.11638696056111897,0.9053736922080979
Hub-attached,0.805,-0.11086437906462521,-0.1108643790646262,0.9053736922080979
Hub-attached,0.81,-0.10534179756813222,-0.105341797568133,0.9053736922080979
Hub-attached,0.8150000000000001,-0.09981921607163924,-0.09981921607164002,0.9053736922080979
Hub-attached,0.8200000000000001,-0.09429663457514614,-0.09429663457514725,0.9053736922080979
Hub-attached,0.8250000000000001,-0.08877405307865316,-0.08877405307865427,0.9053736922080979
Hub-attached,0.8300000000000001,-0.08325147158216017,-0.08325147158216106,0.9053736922080979
Hub-attached,0.835,-0.07772889008566719,-0.07772889008566808,0.9053736922080979
Hub-attached,0.84,-0.0722063085891742,-0.0722063085891751,0.9053736922080979
Hub-attached,0.845,-0.06668372709268122,-0.06668372709268189,0.9053736922080979
Hub-attached,0.85,-0.06116114559618824,-0.061161145596188904,0.9053736922080979
Hub-attached,0.855,-0.05563856409969514,-0.05563856409969592,0.9053736922080979
Hub-attached,0.86,-0.05011598260320216,-0.05011598260320338,0.9053736922080979
Hub-attached,0.865,-0.044593401106709174,-0.04459340110671017,0.9053736922080979
Hub-attached,0.87,-0.03907081961021619,-0.039070819610216745,0.9053736922080979
Hub-attached,0.875,-0.033548238113723095,-0.03354823811372398,0.9053736922080979
Hub-attached,0.88,-0.02802565661723011,-0.028025656617230776,0.9053736922080979
Hub-attached,0.885,-0.022503075120737126,-0.022503075120738014,0.9053736922080979
Hub-attached,0.89,-0.01698049362424403,-0.01698049362424503,0.9053736922080979
Hub-attached,0.895,-0.011457912127751047,-0.011457912127752046,0.9053736922080979
Hub-attached,0.9,-0.005935330631258062,-0.005935330631258839,0.9053736922080979
Hub-attached,0.905,-0.000412749134765078,-0.0004127491347658552,0.9053736922080979
Hub-attached,0.91,0.005109832361728017,0.005109832361727129,0.9053736922080979
Hub-attached,0.915,0.010632413858221001,0.010632413858220113,0.9053736922080979
Hub-attached,0.92,0.016154995354713986,0.016154995354713098,0.9053736922080979
Hub-attached,0.925,0.02167757685120697,0.021677576851206082,0.9053736922080979
Hub-attached,0.93,0.027200158347699954,0.027200158347699288,0.9053736922080979
Hub-attached,0.935,0.03272273984419316,0.032722739844192494,0.9053736922080979
Hub-attached,0.9400000000000001,0.038245321340686145,0.03824532134068526,0.9053736922080979
Hub-attached,0.9450000000000001,0.04376790283717913,0.04376790283717824,0.9053736922080979
Hub-attached,0.9500000000000001,0.04929048433367211,0.049290484333671225,0.9053736922080979
Hub-attached,0.9550000000000001,0.0548130658301651,0.05481306583016443,0.9053736922080979
Hub-attached,0.96,0.06033564732665808,0.060335647326657194,0.9053736922080979
Hub-attached,0.965,0.06585822882315107,0.06585822882315018,0.9053736922080979
Hub-attached,0.97,0.07138081031964405,0.07138081031964272,0.9053736922080979
Hub-attached,0.975,0.07690339181613703,0.07690339181613659,0.9053736922080979
Hub-attached,0.98,0.08242597331263002,0.08242597331262935,0.9053736922080979
Hub-attached,0.985,0.087948554809123,0.08794855480912211,0.9053736922080979
Hub-attached,0.99,0.09347113630561621,0.09347113630561532,0.9053736922080979
Hub-attached,0.995,0.0989937178021092,0.09899371780210808,0.9053736922080979
Hub-attached,1.0,0.10451629929860218,0.10451629929860107,0.9053736922080979
Hub-attached,1.0050000000000001,0.11003888079509538,0.1100388807950945,0.9053736922080979
Hub-attached,1.01,0.11556146229158815,0.1155614622915877,0.9053736922080979
Hub-attached,1.0150000000000001,0.12108404378808135,0.12108404378808046,0.9053736922080979
Hub-attached,1.02,0.12660662528457411,0.12660662528457323,0.9053736922080979
Hub-attached,1.025,0.1321292067810671,0.1321292067810662,0.9053736922080979
Hub-attached,1.03,0.1376517882775603,0.1376517882775592,0.9053736922080979
Hub-attached,1.035,0.14317436977405307,0.14317436977405218,0.9053736922080979
Hub-attached,1.04,0.14869695127054627,0.14869695127054583,0.9053736922080979
Hub-attached,1.045,0.15421953276703926,0.15421953276703815,0.9053736922080979
Hub-attached,1.05,0.15974211426353224,0.15974211426353135,0.9053736922080979
Hub-attached,1.055,0.16526469576002523,0.16526469576002412,0.9053736922080979
Hub-attached,1.06,0.17078727725651843,0.17078727725651732,0.9053736922080979
Hub-attached,1.065,0.1763098587530112,0.1763098587530103,0.9053736922080979
Hub-attached,1.07,0.1818324402495044,0.18183244024950374,0.9053736922080979
Hub-attached,1.075,0.18735502174599716,0.1873550217459965,0.9053736922080979
Hub-attached,1.08,0.19287760324249037,0.19287760324248926,0.9053736922080979
Hub-attached,1.085,0.19840018473898335,0.19840018473898224,0.9053736922080979
Hub-attached,1.09,0.20392276623547634,0.20392276623547567,0.9053736922080979
Hub-attached,1.095,0.20944534773196932,0.20944534773196866,0.9053736922080979
Hub-attached,1.1,0.21496792922846253,0.2149679292284612,0.9053736922080979
Hub-attached,1.105,0.2204905107249553,0.22049051072495418,0.9053736922080979
Hub-attached,1.11,0.2260130922214485,0.2260130922214474,0.9053736922080979
Hub-attached,1.115,0.23153567371794148,0.23153567371794037,0.9053736922080979
Hub-attached,1.12,0.23705825521443447,0.23705825521443336,0.9053736922080979
Hub-attached,1.125,0.24258083671092745,0.24258083671092656,0.9053736922080979
Hub-attached,1.1300000000000001,0.24810341820742066,0.24810341820741955,0.9053736922080979
Hub-attached,1.135,0.2536259997039134,0.253625999703913,0.9053736922080979
Hub-attached,1.1400000000000001,0.2591485812004066,0.25914858120040574,0.9053736922080979
Hub-attached,1.145,0.2646711626968994,0.26467116269689916,0.9053736922080979
Hub-attached,1.1500000000000001,0.2701937441933926,0.2701937441933917,0.9053736922080979
Hub-attached,1.155,0.2757163256898856,0.2757163256898849,0.9053736922080979
Hub-attached,1.16,0.28123890718637834,0.2812389071863779,0.9053736922080979
Hub-attached,1.165,0.28676148868287155,0.28676148868287066,0.9053736922080979
Hub-attached,1.17,0.29228407017936453,0.2922840701793634,0.9053736922080979
Hub-attached,1.175,0.2978066516758575,0.2978066516758566,0.9053736922080979
Hub-attached,1.18,0.3033292331723505,0.30332923317234983,0.9053736922080979
Hub-attached,1.185,0.3088518146688437,0.30885181466884304,0.9053736922080979
Hub-attached,1.19,0.31437439616533647,0.314374396165336,0.9053736922080979
Hub-attached,1.195,0.3198969776618297,0.31989697766182856,0.9053736922080979
Hub-attached,1.2,0.32541955915832244,0.32541955915832177,0.9053736922080979
